verbatimIdentification,scientificName,specificEpithet,sex,lifeStage,identificationQualifier,identificationRemarks,previousIdentifications,identificationReferences
AETIDEUS PACIFICUS V,"Aetideus pacificus (Brodsky, 1950)",pacificus,,C5,,,,
AGLANTHA DIGITALE (MEDIUM),"Aglantha digitale (O. F. Müller, 1776)",digitale,,,,,,
CALANUS MARSHALLAE AF,"Calanus marshallae (Frost, 1974)",marshallae,female,C6,,,,
CALANUS MARSHALLAE AM,"Calanus marshallae (Frost, 1974)",marshallae,male,C6,,,,
CALANUS MARSHALLAE V,"Calanus marshallae (Frost, 1974)",marshallae,,C5,,,,
CLIONE LIMACINA (SMALL),"Clione limacina (Phipps, 1774)",limacina,,juvenile,,,,
CONCHOECIA SP.,"Conchoecia (Dana, 1849)",,,,sp. indet.,"Taxa is within this taxonomic rank but cannot be identified further due to life stage, missing body parts or due to the destructive nature of the sampling, preservation and analysis process.",,
CYPHOCARIS CHALLENGERI JUVENILE,"Cyphocaris challengeri (Stebbing, 1888)",challengeri,,juvenile,,,,
DIMOPHYES ARCTICA (LARGE),"Dimophyes arctica (Chun, 1897)",arctica,,,,,,
EUCALANUS BUNGII AF,"Eucalanus bungii (Giesbrecht, 1893)",bungii,female,C6,,,,
EUCALANUS BUNGII III,"Eucalanus bungii (Giesbrecht, 1893)",bungii,,C3,,,,
EUCALANUS BUNGII IV,"Eucalanus bungii (Giesbrecht, 1893)",bungii,,C4,,,,
EUCALANUS BUNGII V,"Eucalanus bungii (Giesbrecht, 1893)",bungii,,C5,,,,
EUKROHNIA HAMATA,"Eukrohnia hamata (Möbius, 1875)",hamata,,,,,,
EUPHAUSIACEA CALYPTOPIS,"Euphausiacea (Dana, 1852)",,,calyptopis,,,,
FISH LARVAE,Pisces,,,larvae,,,,
HETERORHABDUS TANNERI AM,"Heterorhabdus tanneri (Giesbrecht, 1895)",tanneri,male,C6,,,,
LIMACINA HELICINA (SMALL),"Limacina helicina (Phipps, 1774)",helicina,,juvenile,,,,
LUCICUTIA FLAVICORNIS AM,"Lucicutia flavicornis (Claus, 1863)",flavicornis,male,C6,,,,
METRIDIA OCHOTENSIS AF,"Metridia okhotensis (Brodsky, 1950)",okhotensis,female,C6,,,,
METRIDIA PACIFICA AF,"Metridia pacifica (Brodsky, 1950)",pacifica,female,C6,,,,
METRIDIA PACIFICA AM,"Metridia pacifica (Brodsky, 1950)",pacifica,male,C6,,,,
METRIDIA PACIFICA II,"Metridia pacifica (Brodsky, 1950)",pacifica,,C2,,,,
METRIDIA PACIFICA III,"Metridia pacifica (Brodsky, 1950)",pacifica,,C3,,,,
METRIDIA PACIFICA IV,"Metridia pacifica (Brodsky, 1950)",pacifica,,C4,,,,
METRIDIA PACIFICA V,"Metridia pacifica (Brodsky, 1950)",pacifica,,C5,,,,
NEOCALANUS CRISTATUS III,"Neocalanus cristatus (Krøyer, 1848)",cristatus,,C3,,,,
NEOCALANUS CRISTATUS IV,"Neocalanus cristatus (Krøyer, 1848)",cristatus,,C4,,,,
NEOCALANUS CRISTATUS V,"Neocalanus cristatus (Krøyer, 1848)",cristatus,,C5,,,,
NEOCALANUS FLEMINGERI AF,"Neocalanus flemingeri (Miller, 1988)",flemingeri,female,C6,,,,
NEOCALANUS FLEMINGERI/PLUMCHRUS I,"Neocalanus (Sars G.O., 1925)",,,C1,sp. indet.,"Taxa is within this taxonomic rank but cannot be identified further due to life stage, missing body parts or due to the destructive nature of the sampling, preservation and analysis process.",,
NEOCALANUS FLEMINGERI/PLUMCHRUS II,"Neocalanus (Sars G.O., 1925)",,,C2,sp. indet.,"Taxa is within this taxonomic rank but cannot be identified further due to life stage, missing body parts or due to the destructive nature of the sampling, preservation and analysis process.",,
NEOCALANUS FLEMINGERI/PLUMCHRUS III,"Neocalanus (Sars G.O., 1925)",,,C3,sp. indet.,"Taxa is within this taxonomic rank but cannot be identified further due to life stage, missing body parts or due to the destructive nature of the sampling, preservation and analysis process.",,
NEOCALANUS FLEMINGERI/PLUMCHRUS IV,"Neocalanus (Sars G.O., 1925)",,,C4,sp. indet.,"Taxa is within this taxonomic rank but cannot be identified further due to life stage, missing body parts or due to the destructive nature of the sampling, preservation and analysis process.",,
OIKOPLEURA SP. (LARGE),"Oikopleura (Mertens, 1830)",,,,sp. indet.,"Taxa is within this taxonomic rank but cannot be identified further due to life stage, missing body parts or due to the destructive nature of the sampling, preservation and analysis process.",,
OIKOPLEURA SP. (SMALL),"Oikopleura (Mertens, 1830)",,,juvenile,sp. indet.,"Taxa is within this taxonomic rank but cannot be identified further due to life stage, missing body parts or due to the destructive nature of the sampling, preservation and analysis process.",,
OITHONA SIMILIS AF,"Oithona similis (Claus, 1866)",similis,female,C6,,,,
PARAEUCHAETA ELONGATA AF,"Paraeuchaeta elongata (Esterly, 1913)",elongata,female,C6,,,,
PARAEUCHAETA ELONGATA AM,"Paraeuchaeta elongata (Esterly, 1913)",elongata,male,C6,,,,
PARAEUCHAETA ELONGATA III,"Paraeuchaeta elongata (Esterly, 1913)",elongata,,C3,,,,
PARAEUCHAETA ELONGATA IV,"Paraeuchaeta elongata (Esterly, 1913)",elongata,,C4,,,,
PARAEUCHAETA ELONGATA V,"Paraeuchaeta elongata (Esterly, 1913)",elongata,,C5,,,,
PARASAGITTA ELEGANS,"Parasagitta elegans (Verrill, 1873)",elegans,,,,,,
PARASAGITTA ELEGANS (SMALL),"Parasagitta elegans (Verrill, 1873)",elegans,,juvenile,,,,
PLEUROMAMMA SCUTULLATA AF,"Pleuromamma scutullata (Brodsky, 1950)",scutullata,female,C6,,,,
PLEUROMAMMA SCUTULLATA V,"Pleuromamma scutullata (Brodsky, 1950)",scutullata,,C5,,,,
PRIMNO MACROPA,"Primno macropa (Guérin-Méneville, 1836)",macropa,,,,,,
PSEUDOCALANUS SP. AF,"Pseudocalanus (Boeck, 1872)",,female,C6,sp. indet.,"Taxa is within this taxonomic rank but cannot be identified further due to life stage, missing body parts or due to the destructive nature of the sampling, preservation and analysis process.",,
PSEUDOCALANUS SP. V,"Pseudocalanus (Boeck, 1872)",,,C5,sp. indet.,"Taxa is within this taxonomic rank but cannot be identified further due to life stage, missing body parts or due to the destructive nature of the sampling, preservation and analysis process.",,
RACOVITZANUS ANTARCTICUS AM,"Racovitzanus antarcticus (Giesbrecht, 1902)",antarcticus,male,C6,,,,
SCOLECITHRICELLA MINOR AF,"Scolecithricella minor (Brady, 1883)",minor,female,C6,,,,
SCOLECITHRICELLA MINOR AM,"Scolecithricella minor (Brady, 1883)",minor,male,C6,,,,
SCOLECITHRICELLA MINOR V,"Scolecithricella minor (Brady, 1883)",minor,,C5,,,,
SCOLECITHRICELLA OVATA AF,"Pseudoamallothrix ovata (Farran, 1905)",ovata,female,C6,,Previous identification outdated as per data provider.,Scolecithricella ovata,https://copepodes.obs-banyuls.fr/en/fichesp.php?sp=1465
SIPHONOPHORA BRACTS,"Siphonophorae (Eschscholtz, 1829)",,,zooid,,,,
THEMISTO PACIFICA,"Themisto pacifica (Stebbing, 1888)",pacifica,,,,,,
THYSANOESSA LONGIPES MALES,"Thysanoessa longipes (Brandt, 1851)",longipes,male,adult,,,,
TOMOPTERIS SP.,"Tomopteris (Eschscholtz, 1825)",,,,sp. indet.,"Taxa is within this taxonomic rank but cannot be identified further due to life stage, missing body parts or due to the destructive nature of the sampling, preservation and analysis process.",,
ALCIOPIDAE,"Alciopidae (Ehlers, 1864)",,,,,,,
CANDACIA COLUMBIAE AF,"Candacia columbiae (Campbell, 1929)",columbiae,female,C6,,,,
CANDACIA COLUMBIAE IV,"Candacia columbiae (Campbell, 1929)",columbiae,,C4,,,,
EUPHAUSIA PACIFICA AF,"Euphausia pacifica (Hansen, 1911)",pacifica,female,C6,,,,
EUPHAUSIA PACIFICA AM,"Euphausia pacifica (Hansen, 1911)",pacifica,male,C6,,,,
EUPHAUSIA PACIFICA JUVENILES (MEDIUM),"Euphausia pacifica (Hansen, 1911)",pacifica,,juvenile,,,,
EUPHAUSIACEA FURCILIA,"Euphausiacea (Dana, 1852)",,,furcilia,,,,
LIMACINA HELICINA (LARGE),"Limacina helicina (Phipps, 1774)",helicina,,,,,,
MYCTOPHIDAE,"Myctophidae (Gill, 1893)",,,,,,,
NEOCALANUS CRISTATUS II,"Neocalanus cristatus (Krøyer, 1848)",cristatus,,C2,,,,
NEOCALANUS FLEMINGERI V,"Neocalanus flemingeri (Miller, 1988)",flemingeri,,C5,,,,
PSEUDOCALANUS SP. AM,"Pseudocalanus (Boeck, 1872)",,male,C6,sp. indet.,"Taxa is within this taxonomic rank but cannot be identified further due to life stage, missing body parts or due to the destructive nature of the sampling, preservation and analysis process.",,
SQUID LARVAE,"Teuthida (Naef, 1916)",,,larvae,,,,
THYSANOESSA INSPINATA AF,"Thysanoessa inspinata (Nemoto, 1963)",inspinata,female,C6,,,,
THYSANOESSA LONGIPES FEMALES,"Thysanoessa longipes (Brandt, 1851)",longipes,female,adult,,,,
AGLANTHA DIGITALE (LARGE),"Aglantha digitale (O. F. Müller, 1776)",digitale,,,,,,
CANDACIA COLUMBIAE AM,"Candacia columbiae (Campbell, 1929)",columbiae,male,C6,,,,
DIMOPHYES ARCTICA (SMALL),"Dimophyes arctica (Chun, 1897)",arctica,,juvenile,,,,
GAETANUS SIMPLEX IV,"Gaetanus simplex (Brodsky, 1950)",simplex,,C4,,,,
GAETANUS SIMPLEX V,"Gaetanus simplex (Brodsky, 1950)",simplex,,C5,,,,
HARPACTICOIDA,"Harpacticoida (Sars G.O., 1903)",,,,,,,
HETERORHABDUS TANNERI AF,"Heterorhabdus tanneri (Giesbrecht, 1895)",tanneri,female,C6,,,,
LIMACINA HELICINA (MEDIUM),"Limacina helicina (Phipps, 1774)",helicina,,,,,,
NEOCALANUS CRISTATUS I,"Neocalanus cristatus (Krøyer, 1848)",cristatus,,C1,,,,
RACOVITZANUS ANTARCTICUS AF,"Racovitzanus antarcticus (Giesbrecht, 1902)",antarcticus,female,C6,,,,
RACOVITZANUS ANTARCTICUS V,"Racovitzanus antarcticus (Giesbrecht, 1902)",antarcticus,,C5,,,,
SCOLECITHRICELLA OVATA V,"Pseudoamallothrix ovata (Farran, 1905)",ovata,,C5,,Previous identification outdated as per data provider.,Scolecithricella ovata,https://copepodes.obs-banyuls.fr/en/fichesp.php?sp=1465
THYSANOESSA LONGIPES JUVENILES,"Thysanoessa longipes (Brandt, 1851)",longipes,,juvenile,,,,
ACARTIA LONGIREMIS AM,"Acartia longiremis (Lilljeborg, 1853)",longiremis,male,C6,,,,
EUCALANUS BUNGII AM,"Eucalanus bungii (Giesbrecht, 1893)",bungii,male,C6,,,,
NEOCALANUS PLUMCHRUS V,"Neocalanus plumchrus (Marukawa, 1921)",plumchrus,,C5,,,,
OITHONA SIMILIS AM,"Oithona similis (Claus, 1866)",similis,male,C6,,,,
OITHONA SPINIROSTRIS AF,"Oithona spinirostris (Claus, 1863)",spinirostris,female,C6,,,,
PARAEUCHAETA ELONGATA II,"Paraeuchaeta elongata (Esterly, 1913)",elongata,,C2,,,,
PLEUROMAMMA SCUTULLATA IV,"Pleuromamma scutullata (Brodsky, 1950)",scutullata,,C4,,,,
POLYCHAETA LARVAE,"Polychaeta (Grube, 1850)",,,larvae,,,,
SCINA SP.,"Scina (Prestandrea, 1833)",,,,sp. indet.,"Taxa is within this taxonomic rank but cannot be identified further due to life stage, missing body parts or due to the destructive nature of the sampling, preservation and analysis process.",,
THYSANOESSA SPINIFERA JUVENILES (MEDIUM),"Thysanoessa spinifera (Holmes, 1900)",spinifera,,juvenile,,,,
SALPA ASPERA,"Salpa aspera (Chamisso, 1819)",aspera,,,,,,
THYSANOESSA INSPINATA AM,"Thysanoessa inspinata (Nemoto, 1963)",inspinata,male,adult,,,,
ACARTIA LONGIREMIS AF,"Acartia longiremis (Lilljeborg, 1853)",longiremis,female,C6,,,,
PSEUDOCALANUS SP. IV,"Pseudocalanus (Boeck, 1872)",,,C4,sp. indet.,"Taxa is within this taxonomic rank but cannot be identified further due to life stage, missing body parts or due to the destructive nature of the sampling, preservation and analysis process.",,
RACOVITZANUS ANTARCTICUS IV,"Racovitzanus antarcticus (Giesbrecht, 1902)",antarcticus,,C4,,,,
THYSANOESSA INSPINATA JUVENILES,"Thysanoessa inspinata (Nemoto, 1963)",inspinata,,juvenile,,,,
THYSANOESSA SPINIFERA MALES,"Thysanoessa spinifera (Holmes, 1900)",spinifera,male,adult,,,,
EUPHAUSIACEA NAUPLII,"Euphausiacea (Dana, 1852)",,,nauplius,,,,
OITHONA SP. COPEPODIDS,"Oithona (Baird, 1843)",,,C4-5,sp. indet.,"Taxa is within this taxonomic rank but cannot be identified further due to life stage, missing body parts or due to the destructive nature of the sampling, preservation and analysis process.",,
PSEUDOSAGITTA SCRIPPSAE,"Pseudosagitta scrippsae (Alvariño, 1962)",scrippsae,,,,,,
AETIDEUS PACIFICUS IV,"Aetideus pacificus (Brodsky, 1950)",pacificus,,C4,,,,
CYPHOCARIS CHALLENGERI,"Cyphocaris challengeri (Stebbing, 1888)",challengeri,,,,,,
THEMISTO PACIFICA,"Themisto pacifica (Stebbing, 1888)",pacifica,,juvenile,,,,
ZOANTHIDEA LARVAE,Zoanthidea,,,larvae,,,,
ACARTIA SP. V,"Acartia (Dana, 1846)",,,C5,sp. indet.,"Taxa is within this taxonomic rank but cannot be identified further due to life stage, missing body parts or due to the destructive nature of the sampling, preservation and analysis process.",,
MESOCALANUS TENUICORNIS AF,"Mesocalanus tenuicornis (Dana, 1849)",tenuicornis,female,C6,,,,
MESOCALANUS TENUICORNIS IV,"Mesocalanus tenuicornis (Dana, 1849)",tenuicornis,,C4,,,,
MESOCALANUS TENUICORNIS V,"Mesocalanus tenuicornis (Dana, 1849)",tenuicornis,,C5,,,,
ACARTIA LONGIREMIS AM,"Acartia longiremis (Lilljeborg, 1853)",longiremis,male,adult,,,,
ACARTIA SP. IV,"Acartia (Dana, 1846)",,,C4,sp. indet.,"Taxa is within this taxonomic rank but cannot be identified further due to life stage, missing body parts or due to the destructive nature of the sampling, preservation and analysis process.",,
AGLANTHA DIGITALE (SMALL),"Aglantha digitale (O. F. Müller, 1776)",digitale,,juvenile,,,,
GAETANUS SIMPLEX AF,"Gaetanus simplex (Brodsky, 1950)",simplex,female,C6,,,,
LUCICUTIA FLAVICORNIS AF,"Lucicutia flavicornis (Claus, 1863)",flavicornis,female,C6,,,,
METRIDIA PACIFICA I,"Metridia pacifica (Brodsky, 1950)",pacifica,,C1,,,,
MICROCALANUS SP. AF,"Microcalanus (Sars G.O., 1903)",,female,C6,sp. indet.,"Taxa is within this taxonomic rank but cannot be identified further due to life stage, missing body parts or due to the destructive nature of the sampling, preservation and analysis process.",,
MICROCALANUS SP. V,"Microcalanus (Sars G.O., 1903)",,,C5,sp. indet.,"Taxa is within this taxonomic rank but cannot be identified further due to life stage, missing body parts or due to the destructive nature of the sampling, preservation and analysis process.",,
PSEUDOCALANUS SP. III,"Pseudocalanus (Boeck, 1872)",,,C3,sp. indet.,"Taxa is within this taxonomic rank but cannot be identified further due to life stage, missing body parts or due to the destructive nature of the sampling, preservation and analysis process.",,
AETIDEUS PACIFICUS AF,"Aetideus pacificus (Brodsky, 1950)",pacificus,female,C6,,,,
HETERORHABDUS TANNERI V,"Heterorhabdus tanneri (Giesbrecht, 1895)",tanneri,,C5,,,,
CLAUSOCALANUS SP. V,"Clausocalanus (Giesbrecht, 1888)",,,C5,sp. indet.,"Taxa is within this taxonomic rank but cannot be identified further due to life stage, missing body parts or due to the destructive nature of the sampling, preservation and analysis process.",,
EUCHAETA MEDIA V,"Euchaeta media (Giesbrecht, 1888)",media,,C5,,,,
BRYOZOA LARVAE,Bryozoa,,,larvae,,,,
EUCALANUS BUNGII II,"Eucalanus bungii (Giesbrecht, 1893)",bungii,,C2,,,,
ONCAEA SP.,"Oncaea (Philippi, 1843)",,,,sp. indet.,"Taxa is within this taxonomic rank but cannot be identified further due to life stage, missing body parts or due to the destructive nature of the sampling, preservation and analysis process.",,
SERGESTIDAE ZOEA,"Sergestidae (Dana, 1852)",,,zoea,,,,
CLIONE LIMACINA (MEDIUM),"Clione limacina (Phipps, 1774)",limacina,,,,,,
PLEUROMAMMA SCUTULLATA AM,"Pleuromamma scutullata (Brodsky, 1950)",scutullata,male,C6,,,,
TESSARABRACHION OCULATUM JUVENILES,"Tessarabrachion oculatum (Hansen, 1911)",oculatum,,juvenile,,,,
GASTROPODA (ECHINOSPIRA LARVAE),"Gastropoda (Cuvier, 1795)",,,larvae,,,,
CARIDEA ZOEA,"Caridea (Dana, 1852)",,,zoea,,,,
ACARTIA DANAE AF,"Acartia danae (Giesbrecht, 1889)",danae,female,C6,,,,
CTENOCALANUS SP. AF,"Ctenocalanus (Giesbrecht, 1888)",,female,C6,sp. indet.,"Taxa is within this taxonomic rank but cannot be identified further due to life stage, missing body parts or due to the destructive nature of the sampling, preservation and analysis process.",,
DOLIOLIDAE NURSE,"Doliolidae (Bronn, 1862)",,,nurse,,,,
MESOCALANUS TENUICORNIS AM,"Mesocalanus tenuicornis (Dana, 1849)",tenuicornis,male,C6,,,,
MESOCALANUS TENUICORNIS II,"Mesocalanus tenuicornis (Dana, 1849)",tenuicornis,,C2,,,,
MESOCALANUS TENUICORNIS III,"Mesocalanus tenuicornis (Dana, 1849)",tenuicornis,,C3,,,,
PARASAGITTA ELEGANS (SMALL),"Parasagitta elegans (Verrill, 1873)",elegans,,,,,,
PARATHEMISTO PACIFICA,"Parathemisto pacifica (Stebbing, 1888)",pacifica,,,,,,
EUPHAUSIA PACIFICA AF,"Euphausia pacifica (Hansen, 1911)",pacifica,female,adult,,,,
EUPHAUSIA PACIFICA AM,"Euphausia pacifica (Hansen, 1911)",pacifica,male,adult,,,,
LUBBOCKIA WILSONAE AF,"Lubbockia wilsonae (Heron & Damkaer, 1969)",wilsonae,female,C6,,,,
PLEUROMAMMA SCUTULLATA III,"Pleuromamma scutullata (Brodsky, 1950)",scutullata,,C3,,,,
THYSANOESSA INSPINATA JUVENILES (MEDIUM),"Thysanoessa inspinata (Nemoto, 1963)",inspinata,,juvenile,,,,
PLEUROMAMMA SCUTULLATA II,"Pleuromamma scutullata (Brodsky, 1950)",scutullata,,C2,,,,
POLYCHAETA JUVENILES,"Polychaeta (Grube, 1850)",,,juvenile,,,,
THYSANOESSA LONGIPES JUVENILES (MEDIUM),"Thysanoessa longipes (Brandt, 1851)",longipes,,juvenile,,,,
AEQUOREA VICTORIA (SMALL),"Aequorea victoria (Murbach & Shearer, 1902)",victoria,,juvenile,,,,
GAETANUS SIMPLEX III,"Gaetanus simplex (Brodsky, 1950)",simplex,,C3,,,,
METRIDIA OCHOTENSIS V,"Metridia okhotensis (Brodsky, 1950)",okhotensis,,C5,,,,
MYCTOPHIDAE,"Myctophidae (Gill, 1893)",,,juvenile,,,,
SCAPHOCALANUS SP. AF,"Scaphocalanus (Sars G.O., 1900)",,female,C6,sp. indet.,"Taxa is within this taxonomic rank but cannot be identified further due to life stage, missing body parts or due to the destructive nature of the sampling, preservation and analysis process.",,
STYLOCHEIRON MAXIMUM JUVENILES,"Stylocheiron maximum (Hansen, 1908)",maximum,,juvenile,,,,
THYSANOESSA INSPINATA AM,"Thysanoessa inspinata (Nemoto, 1963)",inspinata,male,C6,,,,
AEGINA ROSEA,"Aegina rosea (Eschscholtz, 1829)",rosea,,,,,,
CHIONOECETES SP. MEGALOPA,"Chionoecetes (Krøyer, 1838)",,,megalopa,sp. indet.,"Taxa is within this taxonomic rank but cannot be identified further due to life stage, missing body parts or due to the destructive nature of the sampling, preservation and analysis process.",,
LIMACINA HELICINA (EXTRA SMALL),"Limacina helicina (Phipps, 1774)",helicina,,juvenile,,,,
PHRONIMA SEDENTARIA,"Phronima sedentaria (Forskål, 1775)",sedentaria,,,,,,
PLEUROMAMMA ABDOMINALIS AF,"Pleuromamma abdominalis (Lubbock, 1856)",abdominalis,female,C6,,,,
THYSANOESSA SPINIFERA FEMALES,"Thysanoessa spinifera (Holmes, 1900)",spinifera,female,adult,,,,
THYSANOESSA SPINIFERA JUVENILES,"Thysanoessa spinifera (Holmes, 1900)",spinifera,,juvenile,,,,
DIMOPHYES ARCTICA (SMALL),"Dimophyes arctica (Chun, 1897)",arctica,,,,,,
HETERORHABDUS TANNERI AF,"Heterorhabdus tanneri (Giesbrecht, 1895)",tanneri,female,adult,,,,
HETERORHABDUS TANNERI AM,"Heterorhabdus tanneri (Giesbrecht, 1895)",tanneri,male,adult,,,,
FISH JUVENILE,Pisces,,,juvenile,,,,
THYSANOESSA INERMIS FEMALES,"Thysanoessa inermis (Krøyer, 1846)",inermis,female,adult,,,,
THYSANOESSA INERMIS MALES,"Thysanoessa inermis (Krøyer, 1846)",inermis,male,adult,,,,
PANDALIDAE ZOEA,"Pandalidae (Haworth, 1825)",,,zoea,,,,
AETIDEIDAE III,"Aetideidae (Giesbrecht, 1892)",,,C3,,,,
LOPHOTHRIX FRONTALIS AF,"Lophothrix frontalis (Giesbrecht, 1895)",frontalis,female,C6,,,,
SERGESTES SIMILIS,"Sergestes similis (Hansen, 1903)",similis,,,,,,
HETERORHABDUS TANNERI IV,"Heterorhabdus tanneri (Giesbrecht, 1895)",tanneri,,C4,,,,
CLIONE LIMACINA (XSMALL),"Clione limacina (Phipps, 1774)",limacina,,juvenile,,,,
CLAUSOCALANUS SP. AF,"Clausocalanus (Giesbrecht, 1888)",,female,C6,sp. indet.,"Taxa is within this taxonomic rank but cannot be identified further due to life stage, missing body parts or due to the destructive nature of the sampling, preservation and analysis process.",,
SCOLECITHRICELLA MINOR IV,"Scolecithricella minor (Brady, 1883)",minor,,C4,,,,
CLAUSOCALANUS SP. AM,"Clausocalanus (Giesbrecht, 1888)",,male,C6,sp. indet.,"Taxa is within this taxonomic rank but cannot be identified further due to life stage, missing body parts or due to the destructive nature of the sampling, preservation and analysis process.",,
EUCHIRELLA ROSTRATA IV,"Euchirella rostrata (Claus, 1866)",rostrata,,C4,,,,
DOLIOLIDAE SOLITARY,"Doliolidae (Bronn, 1862)",,,zooid,,,,
EUCALANUS BUNGII I,"Eucalanus bungii (Giesbrecht, 1893)",bungii,,C1,,,,
EUCHIRELLA ROSTRATA II,"Euchirella rostrata (Claus, 1866)",rostrata,,C2,,,,
EUCHIRELLA ROSTRATA III,"Euchirella rostrata (Claus, 1866)",rostrata,,C3,,,,
MESOCALANUS TENUICORNIS I,"Mesocalanus tenuicornis (Dana, 1849)",tenuicornis,,C1,,,,
PARACALANUS PARVUS AM,"Paracalanus parvus (Claus, 1863)",parvus,male,C6,,,,
PARACALANUS PARVUS V,"Paracalanus parvus (Claus, 1863)",parvus,,C5,,,,
SERGESTIDAE,"Sergestidae (Dana, 1852)",,,zoea,,,,
CALOCALANUS STYLIREMIS,"Calocalanus styliremis (Giesbrecht, 1888)",styliremis,female,C6,,,,
EUCHAETA MEDIA AF,"Euchaeta media (Giesbrecht, 1888)",media,female,C6,,,,
EUCHIRELLA ROSTRATA AM,"Euchirella rostrata (Claus, 1866)",rostrata,male,C6,,,,
EUCHIRELLA ROSTRATA I,"Euchirella rostrata (Claus, 1866)",rostrata,,C1,,,,
EUCHIRELLA ROSTRATA V,"Euchirella rostrata (Claus, 1866)",rostrata,,C5,,,,
HETERORHABDUS PAPILLIGER AM,"Heterorhabdus papilliger (Claus, 1863)",papilliger,male,C6,,,,
MECYNOCERA CLAUSI AF,"Mecynocera clausi (Thompson I.C., 1888)",clausi,female,C6,,,,
MECYNOCERA CLAUSI V,"Mecynocera clausi (Thompson I.C., 1888)",clausi,,C5,,,,
NEMATOSCELIS SP. JUVENILES,"Nematoscelis (G.O. Sars, 1883)",,,juvenile,sp. indet.,"Taxa is within this taxonomic rank but cannot be identified further due to life stage, missing body parts or due to the destructive nature of the sampling, preservation and analysis process.",,
PAREUCALANUS PARKI AF,"Pareucalanus parki (Fleminger, 1973)",parki,female,C6,,,,
Pseudocalanus spp.,"Pseudocalanus (Boeck, 1872)",,female,C6,sp. indet.,"Taxa is within this taxonomic rank but cannot be identified further due to life stage, missing body parts or due to the destructive nature of the sampling, preservation and analysis process.",,
Pseudocalanus spp.,"Pseudocalanus (Boeck, 1872)",,male,C6,sp. indet.,"Taxa is within this taxonomic rank but cannot be identified further due to life stage, missing body parts or due to the destructive nature of the sampling, preservation and analysis process.",,
Pseudocalanus spp.,"Pseudocalanus (Boeck, 1872)",,,C5,sp. indet.,"Taxa is within this taxonomic rank but cannot be identified further due to life stage, missing body parts or due to the destructive nature of the sampling, preservation and analysis process.",,
Pseudocalanus spp.,"Pseudocalanus (Boeck, 1872)",,,C4,sp. indet.,"Taxa is within this taxonomic rank but cannot be identified further due to life stage, missing body parts or due to the destructive nature of the sampling, preservation and analysis process.",,
Scolethricella minor,"Scolecithricella minor (Brady, 1883)",minor,female,C6,,,,
Scolethricella minor,"Scolecithricella minor (Brady, 1883)",minor,male,C6,,,,
Scolethricella minor,"Scolecithricella minor (Brady, 1883)",minor,,C4-5,,,,
Scolethricella ovata,"Pseudoamallothrix ovata (Farran, 1905)",ovata,female,C6,,Previous identification outdated as per data provider.,Scolecithricella ovata,https://copepodes.obs-banyuls.fr/en/fichesp.php?sp=1465
Oithona spinirostris,"Oithona spinirostris (Claus, 1863)",spinirostris,female,C6,sp. indet.,"Taxa is within this taxonomic rank but cannot be identified further due to life stage, missing body parts or due to the destructive nature of the sampling, preservation and analysis process.",,
Oithona spp.,"Oithona (Baird, 1843)",,,C5,sp. indet.,"Taxa is within this taxonomic rank but cannot be identified further due to life stage, missing body parts or due to the destructive nature of the sampling, preservation and analysis process.",,
Oithona similis,"Oithona similis (Claus, 1866)",similis,female,C6,,,,
Oithona similis,"Oithona similis (Claus, 1866)",similis,male,C6,,,,
Metridia pacifica,"Metridia pacifica (Brodsky, 1950)",pacifica,female,C6,,,,
Metridia pacifica,"Metridia pacifica (Brodsky, 1950)",pacifica,male,C6,,,,
Metridia pacifica,"Metridia pacifica (Brodsky, 1950)",pacifica,,C5,,,,
Metridia pacifica,"Metridia pacifica (Brodsky, 1950)",pacifica,,C4,,,,
Metridia sp.,"Metridia (Boeck, 1865)",,,C3,sp. indet.,"Taxa is within this taxonomic rank but cannot be identified further due to life stage, missing body parts or due to the destructive nature of the sampling, preservation and analysis process.",,
Metridia sp.,"Metridia (Boeck, 1865)",,,C2,sp. indet.,"Taxa is within this taxonomic rank but cannot be identified further due to life stage, missing body parts or due to the destructive nature of the sampling, preservation and analysis process.",,
Metridia sp.,"Metridia (Boeck, 1865)",,,C1,sp. indet.,"Taxa is within this taxonomic rank but cannot be identified further due to life stage, missing body parts or due to the destructive nature of the sampling, preservation and analysis process.",,
Eucalanus bungii,"Eucalanus bungii (Giesbrecht, 1893)",bungii,female,C6,,,,
Eucalanus bungii,"Eucalanus bungii (Giesbrecht, 1893)",bungii,male,C6,,,,
Eucalanus bungii,"Eucalanus bungii (Giesbrecht, 1893)",bungii,,C5,,,,
Eucalanus bungii,"Eucalanus bungii (Giesbrecht, 1893)",bungii,,C4,,,,
Eucalanus bungii,"Eucalanus bungii (Giesbrecht, 1893)",bungii,,C3,,,,
Calanus marshallae,"Calanus marshallae (Frost, 1974)",marshallae,female,C6,,,,
Calanus marshallae,"Calanus marshallae (Frost, 1974)",marshallae,,C5,,,,
Calanus pacificus,"Calanus pacificus (Brodsky, 1948)",pacificus,,C5,,,,
Neocalanus cristatus,"Neocalanus cristatus (Krøyer, 1848)",cristatus,,C5,,,,
Neocalanus cristatus,"Neocalanus cristatus (Krøyer, 1848)",cristatus,,C4,,,,
Neocalanus cristatus,"Neocalanus cristatus (Krøyer, 1848)",cristatus,,C3,,,,
Neocalanus cristatus,"Neocalanus cristatus (Krøyer, 1848)",cristatus,,C2,,,,
Neocalanus cristatus,"Neocalanus cristatus (Krøyer, 1848)",cristatus,,C1,,,,
Neocalanus plumchrus/flemmingi,"Neocalanus (Sars G.O., 1925)",,female,C6,sp. indet.,"Taxa is within this taxonomic rank but cannot be identified further due to life stage, missing body parts or due to the destructive nature of the sampling, preservation and analysis process.",,
Neocalanus plumchrus/flemmingi,"Neocalanus (Sars G.O., 1925)",,,C5,sp. indet.,"Taxa is within this taxonomic rank but cannot be identified further due to life stage, missing body parts or due to the destructive nature of the sampling, preservation and analysis process.",,
Neocalanus plumchrus/flemmingi,"Neocalanus (Sars G.O., 1925)",,,C4,sp. indet.,"Taxa is within this taxonomic rank but cannot be identified further due to life stage, missing body parts or due to the destructive nature of the sampling, preservation and analysis process.",,
Neocalanus plumchrus/flemmingi,"Neocalanus (Sars G.O., 1925)",,,C3,sp. indet.,"Taxa is within this taxonomic rank but cannot be identified further due to life stage, missing body parts or due to the destructive nature of the sampling, preservation and analysis process.",,
Neocalanus plumchrus/flemmingi,"Neocalanus (Sars G.O., 1925)",,,C2,sp. indet.,"Taxa is within this taxonomic rank but cannot be identified further due to life stage, missing body parts or due to the destructive nature of the sampling, preservation and analysis process.",,
Neocalanus plumchrus/flemmingi,"Neocalanus (Sars G.O., 1925)",,,C1,sp. indet.,"Taxa is within this taxonomic rank but cannot be identified further due to life stage, missing body parts or due to the destructive nature of the sampling, preservation and analysis process.",,
Heterorhabdus tanneri,"Heterorhabdus tanneri (Giesbrecht, 1895)",tanneri,female,C6,,,,
Heterorhabdus tanneri,"Heterorhabdus tanneri (Giesbrecht, 1895)",tanneri,male,C6,,,,
Heterorhabdus tanneri,"Heterorhabdus tanneri (Giesbrecht, 1895)",tanneri,,C5,,,,
Heterorhabdus tanneri,"Heterorhabdus tanneri (Giesbrecht, 1895)",tanneri,,C4,,,,
Eucheata elongata,"Euchaeta elongata (Esterly, 1913)",elongata,female,C6,,,,
Eucheata elongata,"Euchaeta elongata (Esterly, 1913)",elongata,male,C6,,,,
Eucheata elongata,"Euchaeta elongata (Esterly, 1913)",elongata,,C5,,,,
Eucheata elongata,"Euchaeta elongata (Esterly, 1913)",elongata,,C4,,,,
Eucheata elongata,"Euchaeta elongata (Esterly, 1913)",elongata,,C3,,,,
Eucheata elongata,"Euchaeta elongata (Esterly, 1913)",elongata,,C2,,,,
Candacia columbia,"Candacia columbiae (Campbell, 1929)",columbiae,female,C6,,,,
Candacia columbia,"Candacia columbiae (Campbell, 1929)",columbiae,male,C6,,,,
Candacia columbia,"Candacia columbiae (Campbell, 1929)",columbiae,,C5,,,,
Candacia columbia,"Candacia columbiae (Campbell, 1929)",columbiae,,C4,,,,
Candacia columbia,"Candacia columbiae (Campbell, 1929)",columbiae,,C3,,,,
Candacia columbia,"Candacia columbiae (Campbell, 1929)",columbiae,,C2,,,,
Racovitzanus antarcticus,"Racovitzanus antarcticus (Giesbrecht, 1902)",antarcticus,female,C6,,,,
Racovitzanus antarcticus,"Racovitzanus antarcticus (Giesbrecht, 1902)",antarcticus,male,C6,,,,
Racovitzanus antarcticus,"Racovitzanus antarcticus (Giesbrecht, 1902)",antarcticus,,C5,,,,
Racovitzanus antarcticus,"Racovitzanus antarcticus (Giesbrecht, 1902)",antarcticus,,C4,,,,
Racovitzanus antarcticus,"Racovitzanus antarcticus (Giesbrecht, 1902)",antarcticus,,C3,,,,
Aetideidae,"Aetideidae (Giesbrecht, 1892)",,female,C6,,,,
Aetideidae,"Aetideidae (Giesbrecht, 1892)",,,C5,,,,
Aetideidae,"Aetideidae (Giesbrecht, 1892)",,,C4,,,,
Gaetanus intermedius,"Gaetanus simplex (Brodsky, 1950)",simplex,female,C6,,Species revised as per Alexei Pinchuk.,Gaetanus intermedius,https://copepodes.obs-banyuls.fr/en/fichesp.php?sp=203
Gaetanus intermedius,"Gaetanus simplex (Brodsky, 1950)",simplex,,C5,,Species revised as per Alexei Pinchuk.,Gaetanus intermedius,https://copepodes.obs-banyuls.fr/en/fichesp.php?sp=203
Gaetanus intermedius,"Gaetanus simplex (Brodsky, 1950)",simplex,,C4,,Species revised as per Alexei Pinchuk.,Gaetanus intermedius,https://copepodes.obs-banyuls.fr/en/fichesp.php?sp=203
Gaetanus intermedius,"Gaetanus simplex (Brodsky, 1950)",simplex,,C3,,Species revised as per Alexei Pinchuk.,Gaetanus intermedius,https://copepodes.obs-banyuls.fr/en/fichesp.php?sp=203
Gaetanus intermedius,"Gaetanus simplex (Brodsky, 1950)",simplex,,C2,,Species revised as per Alexei Pinchuk.,Gaetanus intermedius,https://copepodes.obs-banyuls.fr/en/fichesp.php?sp=203
Gaidius sp.,"Gaidius (Giesbrecht, 1895)",,female,C6,sp. indet.,"Taxa is within this taxonomic rank but cannot be identified further due to life stage, missing body parts or due to the destructive nature of the sampling, preservation and analysis process.",,
"Clausocalanus sp. - really small, 0.5mm  tiny 5th leg AF voucher","Clausocalanus (Giesbrecht, 1888)",,female,C5,sp. indet.,"Taxa is within this taxonomic rank but cannot be identified further due to life stage, missing body parts or due to the destructive nature of the sampling, preservation and analysis process.",,
"Clausocalanus sp. , 1.5mm  tiny 5th leg AF voucher","Clausocalanus (Giesbrecht, 1888)",,female,C6,sp. indet.,"Taxa is within this taxonomic rank but cannot be identified further due to life stage, missing body parts or due to the destructive nature of the sampling, preservation and analysis process.",,
Clausocalanus sp. 1mm,"Clausocalanus (Giesbrecht, 1888)",,male,C6,sp. indet.,"Taxa is within this taxonomic rank but cannot be identified further due to life stage, missing body parts or due to the destructive nature of the sampling, preservation and analysis process.",,
Clausocalanus sp. 1mm,"Clausocalanus (Giesbrecht, 1888)",,,C5,sp. indet.,"Taxa is within this taxonomic rank but cannot be identified further due to life stage, missing body parts or due to the destructive nature of the sampling, preservation and analysis process.",,
Clausocalanus sp. 2.5mm,"Clausocalanus (Giesbrecht, 1888)",,female,C6,sp. indet.,"Taxa is within this taxonomic rank but cannot be identified further due to life stage, missing body parts or due to the destructive nature of the sampling, preservation and analysis process.",,
Clausocalanus sp. 2.5mm,"Clausocalanus (Giesbrecht, 1888)",,,C5,sp. indet.,"Taxa is within this taxonomic rank but cannot be identified further due to life stage, missing body parts or due to the destructive nature of the sampling, preservation and analysis process.",,
Microcalanus sp.,"Microcalanus (Sars G.O., 1903)",,,C5,sp. indet.,"Taxa is within this taxonomic rank but cannot be identified further due to life stage, missing body parts or due to the destructive nature of the sampling, preservation and analysis process.",,
Mesocalanus tenniucornus,"Mesocalanus tenuicornis (Dana, 1849)",tenuicornis,female,C6,,,,
Mesocalanus tenniucornus,"Mesocalanus tenuicornis (Dana, 1849)",tenuicornis,,C5,,,,
Mesocalanus tenniucornus,"Mesocalanus tenuicornis (Dana, 1849)",tenuicornis,,C4,,,,
Pleuromamma scutullata,"Pleuromamma scutullata (Brodsky, 1950)",scutullata,female,C6,,,,
Pleuromamma scutullata,"Pleuromamma scutullata (Brodsky, 1950)",scutullata,male,C6,,,,
Pleuromamma scutullata,"Pleuromamma scutullata (Brodsky, 1950)",scutullata,,C5,,,,
Pleuromamma scutullata,"Pleuromamma scutullata (Brodsky, 1950)",scutullata,,C4,,,,
Pleuromamma scutullata,"Pleuromamma scutullata (Brodsky, 1950)",scutullata,,C3,,,,
Scaphocalanus magnus,"Scaphocalanus magnus (Scott T., 1894)",magnus,female,C6,,,,
Acartia longirmis,"Acartia longiremis (Lilljeborg, 1853)",longiremis,,C5,,,,
Lucicutia 1.5mm,"Lucicutia (Giesbrecht, 1898)",,female,C6,,,,
Ostracoda,"Ostracoda (Latreille, 1802)",,,,,,,
Parathemisto pacifica,"Parathemisto pacifica (Stebbing, 1888)",pacifica,,,,,,
Hyperia sp.,"Hyperia (Latreille, 1823)",,,,sp. indet.,"Taxa is within this taxonomic rank but cannot be identified further due to life stage, missing body parts or due to the destructive nature of the sampling, preservation and analysis process.",,
Primno macropa,"Primno macropa (Guérin-Méneville, 1836)",macropa,,,,,,
Phronima sedentaria,"Phronima sedentaria (Forskål, 1775)",sedentaria,,,,,,
Cyphocaris challengeri,"Cyphocaris challengeri (Stebbing, 1888)",challengeri,,,,,,
Hyperia (juv.),"Hyperia (Latreille, 1823)",,,juvenile,,,,
Vibilia sp.,"Vibilia (H. Milne Edwards, 1830)",,,,sp. indet.,"Taxa is within this taxonomic rank but cannot be identified further due to life stage, missing body parts or due to the destructive nature of the sampling, preservation and analysis process.",,
Scinidae,"Scinidae (Stebbing, 1888)",,,,,,,
Euphausiidae,"Euphausiidae (Dana, 1850)",,,egg,,,,
Euphausiidae,"Euphausiidae (Dana, 1850)",,,nauplii,,,,
Euphausiidae,"Euphausiidae (Dana, 1850)",,,calyptopis,,,,
Euphausiidae,"Euphausiidae (Dana, 1850)",,,furcilia,,,,
Euphausia pacifica,"Euphausia pacifica (Hansen, 1911)",pacifica,,,,,,
Thysanoesa inspinata,"Thysanoessa inspinata (Nemoto, 1963)",inspinata,,,,,,
Thysanoesa spinifer,"Thysanoessa spinifera (Holmes, 1900)",spinifera,,,sp. indet.,"Taxa is within this taxonomic rank but cannot be identified further due to life stage, missing body parts or due to the destructive nature of the sampling, preservation and analysis process.",,
Thysanoesa inermis,"Thysanoessa inermis (Krøyer, 1846)",inermis,,,,,,
Thysanoesa longipes,"Thysanoessa longipes (Brandt, 1851)",longipes,,,,,,
Tessarabrachion oculatum,"Tessarabrachion oculatum (Hansen, 1911)",oculatum,,,,,,
Pasiphaea pacifica,"Pasiphaea pacifica (Rathbun, 1902)",pacifica,,,,,,
Sergestes sp.,"Sergestes (H. Milne Edwards, 1830)",,,,sp. indet.,"Taxa is within this taxonomic rank but cannot be identified further due to life stage, missing body parts or due to the destructive nature of the sampling, preservation and analysis process.",,
Chionocetes sp.,"Chionoecetes (Krøyer, 1838)",,,,sp. indet.,"Taxa is within this taxonomic rank but cannot be identified further due to life stage, missing body parts or due to the destructive nature of the sampling, preservation and analysis process.",,
Isopoda,"Isopoda (Latreille, 1816)",,,,,,,
Crytoniscid (parasitic isopod larvae),"Isopoda (Latreille, 1816)",,,crytoniscid larva,,,,
Microniscid (parasitic isopod larvae),"Isopoda (Latreille, 1816)",,,microniscid larva,,,,
Aglantha digitale,"Aglantha digitale (O. F. Müller, 1776)",digitale,,,,,,
Polycheata,"Polychaeta (Grube, 1850)",,,,,,,
Tomopteris,"Tomopteris (Eschscholtz, 1825)",,,,,,,
Tyroscrolex? (leafy stick),"Typhloscolex muelleri (Busch, 1851)",muelleri,,,,,,
Nemertina,Nemertina,,,,,,,
Echinospira sp.,"Echinospira (Krohn, 1853)",,,,sp. indet.,"Taxa is within this taxonomic rank but cannot be identified further due to life stage, missing body parts or due to the destructive nature of the sampling, preservation and analysis process.",,
Gastropoda,"Gastropoda (Cuvier, 1795)",,,,,,,
Limiacina helicina,"Limacina helicina (Phipps, 1774)",helicina,,,,,,
Clione limacina,"Clione limacina (Phipps, 1774)",limacina,,,,,,
Clio pyramidata,"Clio pyramidata (Linnaeus, 1767)",pyramidata,,,,,,
Octopus,"Octopus (Cuvier, 1798)",,,,,,,
Squid larvae,"Teuthida (Naef, 1916)",,,larvae,,,,
Eukronia hamata,"Eukrohnia hamata (Möbius, 1875)",hamata,,,,,,
Sagitta elegans,"Sagitta elegans (Verrill, 1873)",elegans,,,,,,
Sagitta scrippae  (larger transparent fellow),"Sagitta scrippsae (Alvariño, 1962)",scrippsae,,,,larger transparent fellow,,
Salpa aspera,"Salpa aspera (Chamisso, 1819)",aspera,,,,,,
Oikopluera,"Oikopleura (Mertens, 1830)",,,,,,,
Fritilaria,"Fritillaria (Fol, 1872)",,,,,,,
Dimophyes arctica,"Dimophyes arctica (Chun, 1897)",arctica,,,,,,
Siphonophore bract,"Siphonophorae (Eschscholtz, 1829)",,,zooid,,,,
Aegina,"Aegina (Eschscholtz, 1829)",,,,,,,
Narcomedusae,"Narcomedusae (Haeckel, 1879)",,,,,,,
Fish egg,Pisces,,,egg,,,,
Fish larvae,Pisces,,,larvae,,,,
Brozoan cyphonautes,Bryozoa,,,cyphonautes,,,,
Pumkin boy (unknown critter) could be sea anemone larvae,Zoanthidea,,,larvae,,,,
Cyphocaris challengeri  s3,"Cyphocaris challengeri (Stebbing, 1888)",challengeri,,,,,,
Euphausiidae *sp. protozoea (or calyptopis) s1,"Euphausiidae (Dana, 1850)",,,zoea,sp. indet.,"Taxa is within this taxonomic rank but cannot be identified further due to life stage, missing body parts or due to the destructive nature of the sampling, preservation and analysis process.",,
Euphausiidae *sp. zoea (or furcilia) s1,"Euphausiidae (Dana, 1850)",,,zoea,sp. indet.,"Taxa is within this taxonomic rank but cannot be identified further due to life stage, missing body parts or due to the destructive nature of the sampling, preservation and analysis process.",,
Euphausia pacifica  F,"Euphausia pacifica (Hansen, 1911)",pacifica,female,,,,,
Euphausia pacifica  M,"Euphausia pacifica (Hansen, 1911)",pacifica,male,,,,,
Thysanoessa inspinata  M,"Thysanoessa inspinata (Nemoto, 1963)",inspinata,male,,,,,
Thysanoessa inspinata juvenile s2,"Thysanoessa inspinata (Nemoto, 1963)",inspinata,,juvenile,,,,
Aetideus pacificus  4,"Aetideus pacificus (Brodsky, 1950)",pacificus,,C4,,,,
Aetideus pacificus  5,"Aetideus pacificus (Brodsky, 1950)",pacificus,,C5,,,,
Mesocalanus tenuicornis  3,"Mesocalanus tenuicornis (Dana, 1849)",tenuicornis,,C3,,,,
Mesocalanus tenuicornis  4,"Mesocalanus tenuicornis (Dana, 1849)",tenuicornis,,C4,,,,
Mesocalanus tenuicornis  5,"Mesocalanus tenuicornis (Dana, 1849)",tenuicornis,,C5,,,,
Mesocalanus tenuicornis  6F,"Mesocalanus tenuicornis (Dana, 1849)",tenuicornis,female,C6,,,,
Mesocalanus tenuicornis  6M,"Mesocalanus tenuicornis (Dana, 1849)",tenuicornis,male,C6,,,,
Neocalanus cristatus  1,"Neocalanus cristatus (Krøyer, 1848)",cristatus,,C1,,,,
Neocalanus cristatus  2,"Neocalanus cristatus (Krøyer, 1848)",cristatus,,C2,,,,
Neocalanus cristatus  3,"Neocalanus cristatus (Krøyer, 1848)",cristatus,,C3,,,,
Neocalanus cristatus  5,"Neocalanus cristatus (Krøyer, 1848)",cristatus,,C5,,,,
Neocalanus plumchrus  1,"Neocalanus plumchrus (Marukawa, 1921)",plumchrus,,C1,,,,
Neocalanus plumchrus  3,"Neocalanus plumchrus (Marukawa, 1921)",plumchrus,,C3,,,,
Clausocalanus arcuicornis  6F,"Clausocalanus arcuicornis (Dana, 1849)",arcuicornis,female,C6,,,,
Ctenocalanus vanus  5,"Ctenocalanus vanus (Giesbrecht, 1888)",vanus,,C5,,,,
Ctenocalanus vanus  6F,"Ctenocalanus vanus (Giesbrecht, 1888)",vanus,female,C6,,,,
Microcalanus pusillus  6F,"Microcalanus pusillus (Sars G.O., 1903)",pusillus,female,C6,,,,
Pseudocalanus *sp.  4,"Pseudocalanus (Boeck, 1872)",,,C4,sp. indet.,"Taxa is within this taxonomic rank but cannot be identified further due to life stage, missing body parts or due to the destructive nature of the sampling, preservation and analysis process.",,
Pseudocalanus mimus  5F,"Pseudocalanus mimus (Frost, 1989)",mimus,female,C5,,,,
Pseudocalanus mimus  5M,"Pseudocalanus mimus (Frost, 1989)",mimus,male,C5,,,,
Pseudocalanus mimus  6F,"Pseudocalanus mimus (Frost, 1989)",mimus,female,C6,,,,
Pseudocalanus mimus  6M,"Pseudocalanus mimus (Frost, 1989)",mimus,male,C6,,,,
Pseudocalanus newmani  5F,"Pseudocalanus newmani (Frost, 1989)",newmani,female,C5,,,,
Pseudocalanus newmani  6F,"Pseudocalanus newmani (Frost, 1989)",newmani,female,C6,,,,
Pseudocalanus newmani  6M,"Pseudocalanus newmani (Frost, 1989)",newmani,male,C6,,,,
Eucalanus bungii  4F,"Eucalanus bungii (Giesbrecht, 1893)",bungii,female,C4,,,,
Eucalanus bungii  4M,"Eucalanus bungii (Giesbrecht, 1893)",bungii,male,C4,,,,
Eucalanus bungii  5M,"Eucalanus bungii (Giesbrecht, 1893)",bungii,male,C5,,,,
Eucalanus bungii  6F,"Eucalanus bungii (Giesbrecht, 1893)",bungii,female,C6,,,,
Euchaetidae *sp.  3,"Euchaetidae (Giesbrecht, 1893)",,,C3,sp. indet.,"Taxa is within this taxonomic rank but cannot be identified further due to life stage, missing body parts or due to the destructive nature of the sampling, preservation and analysis process.",,
Paraeuchaeta elongata  6F,"Paraeuchaeta elongata (Esterly, 1913)",elongata,female,C6,,,,
Lucicutia flavicornis  5,"Lucicutia flavicornis (Claus, 1863)",flavicornis,,C5,,,,
Lucicutia flavicornis  6M,"Lucicutia flavicornis (Claus, 1863)",flavicornis,male,C6,,,,
Metridia *sp.  1,"Metridia (Boeck, 1865)",,,C1,sp. indet.,"Taxa is within this taxonomic rank but cannot be identified further due to life stage, missing body parts or due to the destructive nature of the sampling, preservation and analysis process.",,
Metridia *sp.  2,"Metridia (Boeck, 1865)",,,C2,sp. indet.,"Taxa is within this taxonomic rank but cannot be identified further due to life stage, missing body parts or due to the destructive nature of the sampling, preservation and analysis process.",,
Metridia *sp.  3,"Metridia (Boeck, 1865)",,,C3,sp. indet.,"Taxa is within this taxonomic rank but cannot be identified further due to life stage, missing body parts or due to the destructive nature of the sampling, preservation and analysis process.",,
Metridia aff lucens  4,"Metridia lucens (Boeck, 1865)",lucens,,C4,sp. aff.,"Taxa documented is the closest affiliation to taxa observed, but not the taxa observed.",,
Metridia aff lucens  5,"Metridia lucens (Boeck, 1865)",lucens,,C5,sp. aff.,"Taxa documented is the closest affiliation to taxa observed, but not the taxa observed.",,
Metridia aff lucens  6F,"Metridia lucens (Boeck, 1865)",lucens,female,C6,sp. aff.,"Taxa documented is the closest affiliation to taxa observed, but not the taxa observed.",,
Metridia aff lucens  6M,"Metridia lucens (Boeck, 1865)",lucens,male,C6,sp. aff.,"Taxa documented is the closest affiliation to taxa observed, but not the taxa observed.",,
Racovitzanus antarcticus  4,"Racovitzanus antarcticus (Giesbrecht, 1902)",antarcticus,,C4,,,,
Racovitzanus antarcticus  5,"Racovitzanus antarcticus (Giesbrecht, 1902)",antarcticus,,C5,,,,
Racovitzanus antarcticus  6F,"Racovitzanus antarcticus (Giesbrecht, 1902)",antarcticus,female,C6,,,,
Racovitzanus antarcticus  6M,"Racovitzanus antarcticus (Giesbrecht, 1902)",antarcticus,male,C6,,,,
Scolecithricella minor  4,"Scolecithricella minor (Brady, 1883)",minor,,C4,,,,
Scolecithricella minor  5,"Scolecithricella minor (Brady, 1883)",minor,,C5,,,,
Scolecithricella minor  6F,"Scolecithricella minor (Brady, 1883)",minor,female,C6,,,,
Scolecithricella minor  6M,"Scolecithricella minor (Brady, 1883)",minor,male,C6,,,,
Oithona atlantica  4,"Oithona atlantica (Farran, 1908)",atlantica,,C4,,,,
Oithona atlantica  5,"Oithona atlantica (Farran, 1908)",atlantica,,C5,,,,
Oithona atlantica  6F,"Oithona atlantica (Farran, 1908)",atlantica,female,C6,,,,
Oithona setigera  6F,"Oithona setigera (Dana, 1849)",setigera,female,C6,,,,
Oithona similis  5,"Oithona similis (Claus, 1866)",similis,,C5,,,,
Oithona similis  6F,"Oithona similis (Claus, 1866)",similis,female,C6,,,,
Conchoecia rudjakovi  s1,"Conchoecia rudyakovi (Chavtur, in Chavtur & Bashmanov, 2018)",rudyakovi,,,,,,
Conchoecinae *sp.  s1,"Conchoeciinae (Müller G. W., 1912)",,,,sp. indet.,"Taxa is within this taxonomic rank but cannot be identified further due to life stage, missing body parts or due to the destructive nature of the sampling, preservation and analysis process.",,
Mesosagitta minima  s2,"Mesosagitta minima (Grassi, 1881)",minima,,,,,,
Parasagitta elegans  s3,"Parasagitta elegans (Verrill, 1873)",elegans,,,,,,
Pseudosagitta scrippsae  s2,"Pseudosagitta scrippsae (Alvariño, 1962)",scrippsae,,,,,,
Pseudosagitta scrippsae  s3,"Pseudosagitta scrippsae (Alvariño, 1962)",scrippsae,,,,,,
Eukrohnia hamata  s2,"Eukrohnia hamata (Möbius, 1875)",hamata,,,,,,
Eukrohnia hamata  s3,"Eukrohnia hamata (Möbius, 1875)",hamata,,,,,,
Eukrohnia hamata juvenile s1,"Eukrohnia hamata (Möbius, 1875)",hamata,,juvenile,,,,
Sebastes *sp. preflexion s1,"Sebastes (Cuvier, 1829)",,,preflexion,sp. indet.,"Taxa is within this taxonomic rank but cannot be identified further due to life stage, missing body parts or due to the destructive nature of the sampling, preservation and analysis process.",,
Oikopleura *sp.  s1,"Oikopleura (Mertens, 1830)",,,,sp. indet.,"Taxa is within this taxonomic rank but cannot be identified further due to life stage, missing body parts or due to the destructive nature of the sampling, preservation and analysis process.",,
Oikopleura labradoriensis  s1,"Oikopleura (Vexillaria) labradoriensis (Lohmann, 1892)",labradoriensis,,,,,,
Siphonophora *sp. larvae s1,"Siphonophorae (Eschscholtz, 1829)",,,larvae,sp. indet.,"Taxa is within this taxonomic rank but cannot be identified further due to life stage, missing body parts or due to the destructive nature of the sampling, preservation and analysis process.",,
Dimophyes arctica nectophore s2,"Dimophyes arctica (Chun, 1897)",arctica,,nectophore,,,,
Lensia conoidea nectophore s3,"Lensia conoidea (Keferstein & Ehlers, 1860)",conoidea,,nectophore,,,,
Solmissus *sp.  s3,"Solmissus (Haeckel, 1879)",,,,sp. indet.,"Taxa is within this taxonomic rank but cannot be identified further due to life stage, missing body parts or due to the destructive nature of the sampling, preservation and analysis process.",,
Aglantha digitale  s2,"Aglantha digitale (O. F. Müller, 1776)",digitale,,,,,,
Gastropoda *sp. trich larvae s1,"Gastropoda (Cuvier, 1795)",,,trochophore,sp. indet.,"Taxa is within this taxonomic rank but cannot be identified further due to life stage, missing body parts or due to the destructive nature of the sampling, preservation and analysis process.",,
Clione limacina  s2,"Clione limacina (Phipps, 1774)",limacina,,,,,,
Limacina helicina acuta  s0,"Limacina helicina (Phipps, 1774)",helicina,,,,Morphotype: acuta,,
Tomopteris cavallii  s2,"Tomopteris cavallii (Rosa, 1908)",cavallii,,,,,,
Tomopteris septentrionalis  s3,"Tomopteris septentrionalis (Steenstrup, 1849)",septentrionalis,,,,,,
Stylocheiron *sp. zoea s1,"Stylocheiron (G.O. Sars, 1883)",,,zoea,sp. indet.,"Taxa is within this taxonomic rank but cannot be identified further due to life stage, missing body parts or due to the destructive nature of the sampling, preservation and analysis process.",,
Stylocheiron maximum  s3,"Stylocheiron maximum (Hansen, 1908)",maximum,,,,,,
Thysanoessa spinifera  F,"Thysanoessa spinifera (Holmes, 1900)",spinifera,female,,,,,
Gaetanus *sp.  2,"Gaetanus (Giesbrecht, 1888)",,,C2,sp. indet.,"Taxa is within this taxonomic rank but cannot be identified further due to life stage, missing body parts or due to the destructive nature of the sampling, preservation and analysis process.",,
Gaetanus simplex  5,"Gaetanus simplex (Brodsky, 1950)",simplex,,C5,,,,
Gaetanus simplex  6F,"Gaetanus simplex (Brodsky, 1950)",simplex,female,C6,,,,
Neocalanus flemingeri  1,"Neocalanus flemingeri (Miller, 1988)",flemingeri,,C1,,,,
Neocalanus flemingeri  2,"Neocalanus flemingeri (Miller, 1988)",flemingeri,,C2,,,,
Neocalanus flemingeri  3,"Neocalanus flemingeri (Miller, 1988)",flemingeri,,C3,,,,
Neocalanus flemingeri  4,"Neocalanus flemingeri (Miller, 1988)",flemingeri,,C4,,,,
Neocalanus flemingeri  6F,"Neocalanus flemingeri (Miller, 1988)",flemingeri,female,C6,,,,
Neocalanus plumchrus  2,"Neocalanus plumchrus (Marukawa, 1921)",plumchrus,,C2,,,,
Neocalanus plumchrus  4,"Neocalanus plumchrus (Marukawa, 1921)",plumchrus,,C4,,,,
Neocalanus plumchrus  6F,"Neocalanus plumchrus (Marukawa, 1921)",plumchrus,female,C6,,,,
Clausocalanus arcuicornis  5,"Clausocalanus arcuicornis (Dana, 1849)",arcuicornis,,C5,,,,
Clausocalanus lividus  5,"Clausocalanus lividus (Frost & Fleminger, 1968)",lividus,,C5,,,,
Pseudocalanus mimus  4,"Pseudocalanus mimus (Frost, 1989)",mimus,,C4,,,,
Pseudocalanus minutus  6F,"Pseudocalanus minutus (Krøyer, 1845)",minutus,female,C6,,,,
Euchaetidae *sp.  2,"Euchaetidae (Giesbrecht, 1893)",,,C2,sp. indet.,"Taxa is within this taxonomic rank but cannot be identified further due to life stage, missing body parts or due to the destructive nature of the sampling, preservation and analysis process.",,
Paraeuchaeta elongata  6M,"Paraeuchaeta elongata (Esterly, 1913)",elongata,male,C6,,,,
Heterostylites longicornis  6F,"Heterostylites longicornis (Giesbrecht, 1889)",longicornis,female,C6,,,,
Metridia *sp.  4,"Metridia (Boeck, 1865)",,,C4,sp. indet.,"Taxa is within this taxonomic rank but cannot be identified further due to life stage, missing body parts or due to the destructive nature of the sampling, preservation and analysis process.",,
Metridia pacifica  5M,"Metridia pacifica (Brodsky, 1950)",pacifica,male,C5,,,,
Metridia pacifica  6F,"Metridia pacifica (Brodsky, 1950)",pacifica,female,C6,,,,
Pleuromamma *sp.  1,"Pleuromamma (Giesbrecht in Giesbrecht & Schmeil, 1898)",,,C1,sp. indet.,"Taxa is within this taxonomic rank but cannot be identified further due to life stage, missing body parts or due to the destructive nature of the sampling, preservation and analysis process.",,
Pleuromamma *sp.  2,"Pleuromamma (Giesbrecht in Giesbrecht & Schmeil, 1898)",,,C2,sp. indet.,"Taxa is within this taxonomic rank but cannot be identified further due to life stage, missing body parts or due to the destructive nature of the sampling, preservation and analysis process.",,
Pleuromamma *sp.  3,"Pleuromamma (Giesbrecht in Giesbrecht & Schmeil, 1898)",,,C3,sp. indet.,"Taxa is within this taxonomic rank but cannot be identified further due to life stage, missing body parts or due to the destructive nature of the sampling, preservation and analysis process.",,
Pleuromamma scutullata  6F,"Pleuromamma scutullata (Brodsky, 1950)",scutullata,female,C6,,,,
Lophothrix frontalis  6F,"Lophothrix frontalis (Giesbrecht, 1895)",frontalis,female,C6,,,,
Lubbockia wilsonae  5,"Lubbockia wilsonae (Heron & Damkaer, 1969)",wilsonae,,C5,,,,
Discoconchoecia elegans  s1,"Discoconchoecia elegans (Sars, 1866)",elegans,,,,,,
Chaetognatha *sp. juvenile s1,Chaetognatha,,,juvenile,sp. indet.,"Taxa is within this taxonomic rank but cannot be identified further due to life stage, missing body parts or due to the destructive nature of the sampling, preservation and analysis process.",,
Parasagitta elegans  s2,"Parasagitta elegans (Verrill, 1873)",elegans,,,,,,
Protomyctophum thompsoni postflexion s3,"Protomyctophum thompsoni (Chapman, 1944)",thompsoni,,postflexion,,,,
Stenobrachius leucopsarus preflexion s1,"Stenobrachius leucopsarus (Eigenmann & Eigenmann, 1890)",leucopsarus,,preflexion,,,,
Chauliodus macouni eggs s1,"Chauliodus macouni (Bean, 1890)",macouni,,egg,,,,
Oikopleura labradoriensis  s2,"Oikopleura (Vexillaria) labradoriensis (Lohmann, 1892)",labradoriensis,,,,,,
Doliopsis *sp.  s2,"Doliopsis (Vogt, 1854)",,,,sp. indet.,"Taxa is within this taxonomic rank but cannot be identified further due to life stage, missing body parts or due to the destructive nature of the sampling, preservation and analysis process.",,
Siphonophora *sp. nectophore s2,"Siphonophorae (Eschscholtz, 1829)",,,nectophore,sp. indet.,"Taxa is within this taxonomic rank but cannot be identified further due to life stage, missing body parts or due to the destructive nature of the sampling, preservation and analysis process.",,
Aglantha digitale  s3,"Aglantha digitale (O. F. Müller, 1776)",digitale,,,,,,
Thalassocalyce inconstans  s3,"Thalassocalyce inconstans (Madin & Harbison, 1978)",inconstans,,,,,,
Clione limacina  s3,"Clione limacina (Phipps, 1774)",limacina,,,,,,
Tomopteris septentrionalis  s2,"Tomopteris septentrionalis (Steenstrup, 1849)",septentrionalis,,,,,,
Sergestes similis  M,"Sergestes similis (Hansen, 1903)",similis,male,,,,,
Calanoida *sp.  1,"Calanoida (Sars G.O., 1903)",,,C1,sp. indet.,"Taxa is within this taxonomic rank but cannot be identified further due to life stage, missing body parts or due to the destructive nature of the sampling, preservation and analysis process.",,
Gaetanus *sp.  1,"Gaetanus (Giesbrecht, 1888)",,,C1,sp. indet.,"Taxa is within this taxonomic rank but cannot be identified further due to life stage, missing body parts or due to the destructive nature of the sampling, preservation and analysis process.",,
Gaetanus *sp.  3,"Gaetanus (Giesbrecht, 1888)",,,C3,sp. indet.,"Taxa is within this taxonomic rank but cannot be identified further due to life stage, missing body parts or due to the destructive nature of the sampling, preservation and analysis process.",,
Gaetanus tenuispinus  5,"Gaetanus tenuispinus (Sars G.O., 1900)",tenuispinus,,C5,,,,
Neocalanus cristatus  4,"Neocalanus cristatus (Krøyer, 1848)",cristatus,,C4,,,,
Clausocalanus lividus  6F,"Clausocalanus lividus (Frost & Fleminger, 1968)",lividus,female,C6,,,,
Ctenocalanus vanus  4,"Ctenocalanus vanus (Giesbrecht, 1888)",vanus,,C4,,,,
Pseudocalanus *sp.  3,"Pseudocalanus (Boeck, 1872)",,,C3,sp. indet.,"Taxa is within this taxonomic rank but cannot be identified further due to life stage, missing body parts or due to the destructive nature of the sampling, preservation and analysis process.",,
Eucalanus bungii  5F,"Eucalanus bungii (Giesbrecht, 1893)",bungii,female,C5,,,,
Paraeuchaeta tonsa  6F,"Paraeuchaeta tonsa (Giesbrecht, 1895)",tonsa,female,C6,,,,
Heterorhabdus *sp.  3,"Heterorhabdus (Giesbrecht, 1898)",,,C3,sp. indet.,"Taxa is within this taxonomic rank but cannot be identified further due to life stage, missing body parts or due to the destructive nature of the sampling, preservation and analysis process.",,
Metridia pacifica  4,"Metridia pacifica (Brodsky, 1950)",pacifica,,C4,,,,
Metridia pacifica  5F,"Metridia pacifica (Brodsky, 1950)",pacifica,female,C5,,,,
Metridia pacifica  6M,"Metridia pacifica (Brodsky, 1950)",pacifica,male,C6,,,,
Pleuromamma *sp.  5,"Pleuromamma (Giesbrecht in Giesbrecht & Schmeil, 1898)",,,C5,sp. indet.,"Taxa is within this taxonomic rank but cannot be identified further due to life stage, missing body parts or due to the destructive nature of the sampling, preservation and analysis process.",,
Pleuromamma scutullata  5,"Pleuromamma scutullata (Brodsky, 1950)",scutullata,,C5,,,,
Pleuromamma scutullata  6M,"Pleuromamma scutullata (Brodsky, 1950)",scutullata,male,C6,,,,
Paracalanus parvus  6F,"Paracalanus parvus (Claus, 1863)",parvus,female,C6,,,,
Scaphocalanus *sp.  5,"Scaphocalanus (Sars G.O., 1900)",,,C5,sp. indet.,"Taxa is within this taxonomic rank but cannot be identified further due to life stage, missing body parts or due to the destructive nature of the sampling, preservation and analysis process.",,
Spinocalanus brevicaudatus  6F,"Spinocalanus brevicaudatus (Brodsky, 1950)",brevicaudatus,female,C6,,,,
Spinocalanus longicornis  6F,"Spinocalanus longicornis (Sars G.O., 1900)",longicornis,female,C6,,,,
Oithona setigera  5,"Oithona setigera (Dana, 1849)",setigera,,C5,,,,
Sardinops sagax preflexion s1,"Sardinops sagax (Jenyns, 1842)",sagax,,preflexion,,,,
Fritillaria *sp.  s1,"Fritillaria (Fol, 1872)",,,,sp. indet.,"Taxa is within this taxonomic rank but cannot be identified further due to life stage, missing body parts or due to the destructive nature of the sampling, preservation and analysis process.",,
Fritillaria pellucida  s1,"Fritillaria pellucida (Busch, 1851)",pellucida,,,,,,
Doliopsis *sp.  s1,"Doliopsis (Vogt, 1854)",,,,sp. indet.,"Taxa is within this taxonomic rank but cannot be identified further due to life stage, missing body parts or due to the destructive nature of the sampling, preservation and analysis process.",,
Clione limacina polytroch s0,"Clione limacina (Phipps, 1774)",limacina,,polytroch,,,,
Themisto pacifica  M,"Themisto pacifica (Stebbing, 1888)",pacifica,male,,,,,
Primno abyssalis  s2,"Primno abyssalis (Bowman in Fulton, 1968)",abyssalis,,,,,,
Euphausiidae *sp. eggs s1,"Euphausiidae (Dana, 1850)",,,egg,sp. indet.,"Taxa is within this taxonomic rank but cannot be identified further due to life stage, missing body parts or due to the destructive nature of the sampling, preservation and analysis process.",,
Euphausiidae *sp. nauplii s1,"Euphausiidae (Dana, 1850)",,,nauplii,sp. indet.,"Taxa is within this taxonomic rank but cannot be identified further due to life stage, missing body parts or due to the destructive nature of the sampling, preservation and analysis process.",,
Acartia danae  6F,"Acartia danae (Giesbrecht, 1889)",danae,female,C6,,,,
Aetideus pacificus  6F,"Aetideus pacificus (Brodsky, 1950)",pacificus,female,C6,,,,
Euchirella *sp.  2,"Euchirella (Giesbrecht, 1888)",,,C2,sp. indet.,"Taxa is within this taxonomic rank but cannot be identified further due to life stage, missing body parts or due to the destructive nature of the sampling, preservation and analysis process.",,
Mesocalanus tenuicornis  2,"Mesocalanus tenuicornis (Dana, 1849)",tenuicornis,,C2,,,,
Microcalanus pusillus  5,"Microcalanus pusillus (Sars G.O., 1903)",pusillus,,C5,,,,
Pseudocalanus newmani  5M,"Pseudocalanus newmani (Frost, 1989)",newmani,male,C5,,,,
Heterorhabdus *sp.  4,"Heterorhabdus (Giesbrecht, 1898)",,,C4,sp. indet.,"Taxa is within this taxonomic rank but cannot be identified further due to life stage, missing body parts or due to the destructive nature of the sampling, preservation and analysis process.",,
Calocalanus styliremis  6F,"Calocalanus styliremis (Giesbrecht, 1888)",styliremis,female,C6,,,,
Paracalanus parvus  6M,"Paracalanus parvus (Claus, 1863)",parvus,male,C6,,,,
Spinocalanus longicornis  5,"Spinocalanus longicornis (Sars G.O., 1900)",longicornis,,C5,,,,
Microsetella norvegica  6F,"Microsetella norvegica (Boeck, 1865)",norvegica,female,C6,,,,
Metaconchoecia *sp.  s1,"Metaconchoecia (Howe, 1955)",,,,sp. indet.,"Taxa is within this taxonomic rank but cannot be identified further due to life stage, missing body parts or due to the destructive nature of the sampling, preservation and analysis process.",,
Icosteus aenigmaticus eggs s1,"Icosteus aenigmaticus (Lockington, 1880)",aenigmaticus,,egg,,,,
Hippoglossoides elassodon eggs s1,"Hippoglossoides elassodon (Jordan & Gilbert, 1880)",elassodon,,egg,,,,
Doliolid *sp. (old nurse) s3,"Doliolidae (Bronn, 1862)",,,nurse,sp. indet.,"Taxa is within this taxonomic rank but cannot be identified further due to life stage, missing body parts or due to the destructive nature of the sampling, preservation and analysis process.",,
Dimophyes arctica eudoxid s1,"Dimophyes arctica (Chun, 1897)",arctica,,eudoxid,,,,
Praya *sp. nectophore s2,"Praya (Quoy & Gaimard in de Blainville, 1834)",,,nectophore,sp. indet.,"Taxa is within this taxonomic rank but cannot be identified further due to life stage, missing body parts or due to the destructive nature of the sampling, preservation and analysis process.",,
Tomopteris *sp.  s1,"Tomopteris (Eschscholtz, 1825)",,,,sp. indet.,"Taxa is within this taxonomic rank but cannot be identified further due to life stage, missing body parts or due to the destructive nature of the sampling, preservation and analysis process.",,
Themisto pacifica juvenile s1,"Themisto pacifica (Stebbing, 1888)",pacifica,,juvenile,,,,
Phronima sedentaria  F,"Phronima sedentaria (Forskål, 1775)",sedentaria,female,,,,,
Euphausia pacifica juvenile s2,"Euphausia pacifica (Hansen, 1911)",pacifica,,juvenile,,,,
Thysanoessa inspinata zoea s1,"Thysanoessa inspinata (Nemoto, 1963)",inspinata,,zoea,,,,
Neocalanus plumchrus  5,"Neocalanus plumchrus (Marukawa, 1921)",plumchrus,,C5,,,,
Clausocalanus parapergens  5,"Clausocalanus parapergens (Frost & Fleminger, 1968)",parapergens,,C5,,,,
Clausocalanus parapergens  6F,"Clausocalanus parapergens (Frost & Fleminger, 1968)",parapergens,female,C6,,,,
Clausocalanus pergens  5,"Clausocalanus pergens (Farran, 1926)",pergens,,C5,,,,
Clausocalanus pergens  6F,"Clausocalanus pergens (Farran, 1926)",pergens,female,C6,,,,
Ctenocalanus vanus  6M,"Ctenocalanus vanus (Giesbrecht, 1888)",vanus,male,C6,,,,
Paraeuchaeta elongata  5M,"Paraeuchaeta elongata (Esterly, 1913)",elongata,male,C5,,,,
Heterorhabdus tanneri  6F,"Heterorhabdus tanneri (Giesbrecht, 1895)",tanneri,female,C6,,,,
Lucicutia flavicornis  6F,"Lucicutia flavicornis (Claus, 1863)",flavicornis,female,C6,,,,
Pleuromamma *sp.  4,"Pleuromamma (Giesbrecht in Giesbrecht & Schmeil, 1898)",,,C4,sp. indet.,"Taxa is within this taxonomic rank but cannot be identified further due to life stage, missing body parts or due to the destructive nature of the sampling, preservation and analysis process.",,
Scolecithricella *sp.  4,"Scolecithricella (Sars G.O., 1902)",,,C4,sp. indet.,"Taxa is within this taxonomic rank but cannot be identified further due to life stage, missing body parts or due to the destructive nature of the sampling, preservation and analysis process.",,
Chaetognatha *sp. juvenile s2,Chaetognatha,,,juvenile,sp. indet.,"Taxa is within this taxonomic rank but cannot be identified further due to life stage, missing body parts or due to the destructive nature of the sampling, preservation and analysis process.",,
Stenobrachius leucopsarus flexion s2,"Stenobrachius leucopsarus (Eigenmann & Eigenmann, 1890)",leucopsarus,,flexion,,,,
Tarletonbeania crenularis postflexion s3,"Tarletonbeania crenularis (Jordan & Gilbert, 1880)",crenularis,,postflexion,,,,
Sebastes *sp. flexion s2,"Sebastes (Cuvier, 1829)",,,flexion,sp. indet.,"Taxa is within this taxonomic rank but cannot be identified further due to life stage, missing body parts or due to the destructive nature of the sampling, preservation and analysis process.",,
Halitholus *sp.  s1,"Halitholus (Hartlaub, 1914)",,,,sp. indet.,"Taxa is within this taxonomic rank but cannot be identified further due to life stage, missing body parts or due to the destructive nature of the sampling, preservation and analysis process.",,
Dimophyes arctica nectophore s1,"Dimophyes arctica (Chun, 1897)",arctica,,nectophore,,,,
Cephalopoda *sp. eggs s1,"Cephalopoda (Cuvier, 1795)",,,egg,sp. indet.,"Taxa is within this taxonomic rank but cannot be identified further due to life stage, missing body parts or due to the destructive nature of the sampling, preservation and analysis process.",,
Corolla *sp.  s1,"Corolla (Dall, 1871)",,,,sp. indet.,"Taxa is within this taxonomic rank but cannot be identified further due to life stage, missing body parts or due to the destructive nature of the sampling, preservation and analysis process.",,
Themisto pacifica  F,"Themisto pacifica (Stebbing, 1888)",pacifica,female,,,,,
Stylocheiron longicorne  s2,"Stylocheiron longicorne (G.O. Sars, 1883)",longicorne,,,,,,
Epicarid *sp. larvae s1,"Epicaridea (Latreille, 1825)",,,larvae,sp. indet.,"Taxa is within this taxonomic rank but cannot be identified further due to life stage, missing body parts or due to the destructive nature of the sampling, preservation and analysis process.",,
Euchirella *sp.  3,"Euchirella (Giesbrecht, 1888)",,,C3,sp. indet.,"Taxa is within this taxonomic rank but cannot be identified further due to life stage, missing body parts or due to the destructive nature of the sampling, preservation and analysis process.",,
Candacia *sp.  3,"Candacia (Dana, 1846)",,,C3,sp. indet.,"Taxa is within this taxonomic rank but cannot be identified further due to life stage, missing body parts or due to the destructive nature of the sampling, preservation and analysis process.",,
Triconia borealis  6F,"Triconia borealis (Sars G.O., 1918)",borealis,female,C6,,,,
Heteropoda *sp. veligers s1,"Heteropoda (Latreille, 1804)",,,veliger,sp. indet.,"Taxa is within this taxonomic rank but cannot be identified further due to life stage, missing body parts or due to the destructive nature of the sampling, preservation and analysis process.",,
Limacina helicina  s0,"Limacina helicina (Phipps, 1774)",helicina,,,,,,
Cyphocaris challengeri  s2,"Cyphocaris challengeri (Stebbing, 1888)",challengeri,,,,,,
Primno abyssalis  F,"Primno abyssalis (Bowman in Fulton, 1968)",abyssalis,female,,,,,
Microniscus *sp. larvae s1,"Microniscus (Müller, 1871)",,,larvae,sp. indet.,"Taxa is within this taxonomic rank but cannot be identified further due to life stage, missing body parts or due to the destructive nature of the sampling, preservation and analysis process.",,
Eucalanus *sp.  3,"Eucalanus (Dana, 1852-1853)",,,C3,sp. indet.,"Taxa is within this taxonomic rank but cannot be identified further due to life stage, missing body parts or due to the destructive nature of the sampling, preservation and analysis process.",,
Euchaetidae *sp.  1,"Euchaetidae (Giesbrecht, 1893)",,,C1,sp. indet.,"Taxa is within this taxonomic rank but cannot be identified further due to life stage, missing body parts or due to the destructive nature of the sampling, preservation and analysis process.",,
Scaphocalanus *sp.  3,"Scaphocalanus (Sars G.O., 1900)",,,C3,sp. indet.,"Taxa is within this taxonomic rank but cannot be identified further due to life stage, missing body parts or due to the destructive nature of the sampling, preservation and analysis process.",,
Phalacrophorus pictus  s1,"Phalacrophorus pictus (Greeff, 1879)",pictus,,,,,,
Thysanoessa inspinata  F,"Thysanoessa inspinata (Nemoto, 1963)",inspinata,female,,,,,
Oithona similis  6M,"Oithona similis (Claus, 1866)",similis,male,C6,,,,
Gastropoda *sp. veligers s1,"Gastropoda (Cuvier, 1795)",,,veliger,sp. indet.,"Taxa is within this taxonomic rank but cannot be identified further due to life stage, missing body parts or due to the destructive nature of the sampling, preservation and analysis process.",,
Microcalanus pygmaeus  5,"Microcalanus pygmaeus (Sars G.O., 1900)",pygmaeus,,C5,,,,
Paraeuchaeta birostrata  5,"Paraeuchaeta birostrata (Brodsky, 1950)",birostrata,,C5,,,,
Fritillaria borealis  s1,"Fritillaria borealis (Lohmann, 1896)",borealis,,,,,,
Aetideus arcuatus  4,"Aetideus arcuatus (Vervoort, 1949)",arcuatus,,C4,,,,
Gaetanus simplex  4,"Gaetanus simplex (Brodsky, 1950)",simplex,,C4,,,,
Candacia columbiae  6F,"Candacia columbiae (Campbell, 1929)",columbiae,female,C6,,,,
Candacia columbiae  6M,"Candacia columbiae (Campbell, 1929)",columbiae,male,C6,,,,
Pseudocalanus *sp.  2,"Pseudocalanus (Boeck, 1872)",,,C2,sp. indet.,"Taxa is within this taxonomic rank but cannot be identified further due to life stage, missing body parts or due to the destructive nature of the sampling, preservation and analysis process.",,
Rhincalanus nasutus  2,"Rhincalanus nasutus (Giesbrecht, 1888)",nasutus,,C2,,,,
Bathylagus pacificus flexion s2,"Bathylagus pacificus (Gilbert, 1890)",pacificus,,flexion,,,,
Heterorhabdus *sp.  5,"Heterorhabdus (Giesbrecht, 1898)",,,C5,sp. indet.,"Taxa is within this taxonomic rank but cannot be identified further due to life stage, missing body parts or due to the destructive nature of the sampling, preservation and analysis process.",,
Racovitzanus antarcticus  3,"Racovitzanus antarcticus (Giesbrecht, 1902)",antarcticus,,C3,,,,
Velella velella  s1,"Velella velella (Linnaeus, 1758)",velella,,,,,,
Limacina helicina  s1,"Limacina helicina (Phipps, 1774)",helicina,,,,,,
Pelagobia longicirrata  s1,"Pelagobia longicirrata (Greeff, 1879)",longicirrata,,,,,,
Tomopteris elegans  s2,"Tomopteris elegans (Chun, 1887)",elegans,,,,,,
Sergestes *sp. mysis s1,"Sergestes (H. Milne Edwards, 1830)",,,mysis,sp. indet.,"Taxa is within this taxonomic rank but cannot be identified further due to life stage, missing body parts or due to the destructive nature of the sampling, preservation and analysis process.",,
Sergestes *sp. mysis s2,"Sergestes (H. Milne Edwards, 1830)",,,mysis,sp. indet.,"Taxa is within this taxonomic rank but cannot be identified further due to life stage, missing body parts or due to the destructive nature of the sampling, preservation and analysis process.",,
Sergestes similis  F,"Sergestes similis (Hansen, 1903)",similis,female,,,,,
Copepoda *sp. nauplii s1,"Copepoda (Milne Edwards, 1840)",,,nauplii,sp. indet.,"Taxa is within this taxonomic rank but cannot be identified further due to life stage, missing body parts or due to the destructive nature of the sampling, preservation and analysis process.",,
Euchirella rostrata  4,"Euchirella rostrata (Claus, 1866)",rostrata,,C4,,,,
Euchirella rostrata  5,"Euchirella rostrata (Claus, 1866)",rostrata,,C5,,,,
Neocalanus flemingeri  5,"Neocalanus flemingeri (Miller, 1988)",flemingeri,,C5,,,,
Eucalanus *sp.  1,"Eucalanus (Dana, 1852-1853)",,,C1,sp. indet.,"Taxa is within this taxonomic rank but cannot be identified further due to life stage, missing body parts or due to the destructive nature of the sampling, preservation and analysis process.",,
Eucalanus bungii  6M,"Eucalanus bungii (Giesbrecht, 1893)",bungii,male,C6,,,,
Eucalanus hyalinus  5,"Eucalanus hyalinus (Claus, 1866)",hyalinus,,C5,,,,
Eucalanus hyalinus  6F,"Eucalanus hyalinus (Claus, 1866)",hyalinus,female,C6,,,,
Scaphocalanus *sp.  4,"Scaphocalanus (Sars G.O., 1900)",,,C4,sp. indet.,"Taxa is within this taxonomic rank but cannot be identified further due to life stage, missing body parts or due to the destructive nature of the sampling, preservation and analysis process.",,
Clytemnestra scutellata  6M,"Clytemnestra scutellata (Dana, 1847)",scutellata,male,C6,,,,
Oncaeidae *sp.  6F,"Oncaeidae (Giesbrecht, 1893)",,female,C6,sp. indet.,"Taxa is within this taxonomic rank but cannot be identified further due to life stage, missing body parts or due to the destructive nature of the sampling, preservation and analysis process.",,
Triconia conifera  6F,"Triconia conifera (Giesbrecht, 1891)",conifera,female,C6,,,,
Sardinops sagax eggs s1,"Sardinops sagax (Jenyns, 1842)",sagax,,egg,,,,
Doliolid *sp.  s1,"Doliolidae (Bronn, 1862)",,,,sp. indet.,"Taxa is within this taxonomic rank but cannot be identified further due to life stage, missing body parts or due to the destructive nature of the sampling, preservation and analysis process.",,
Doliolid *sp. (old nurse) s1,"Doliolidae (Bronn, 1862)",,,nurse,sp. indet.,"Taxa is within this taxonomic rank but cannot be identified further due to life stage, missing body parts or due to the destructive nature of the sampling, preservation and analysis process.",,
Muggiaea atlantica nectophore s2,"Muggiaea atlantica (Cunningham, 1892)",atlantica,,nectophore,,,,
Chiroteuthis *sp. paralarvae s1,"Chiroteuthis (d'Orbigny [in A. Férussac & d'Orbigny], 1841)",,,paralarvae,sp. indet.,"Taxa is within this taxonomic rank but cannot be identified further due to life stage, missing body parts or due to the destructive nature of the sampling, preservation and analysis process.",,
Cliopsis krohnii  s2,"Cliopsis krohnii (Troschel, 1854)",krohnii,,,,,,
Atlanta *sp.  s1,"Atlanta (Lesueur, 1817)",,,,sp. indet.,"Taxa is within this taxonomic rank but cannot be identified further due to life stage, missing body parts or due to the destructive nature of the sampling, preservation and analysis process.",,
Sergestes *sp. mysis s3,"Sergestes (H. Milne Edwards, 1830)",,,mysis,sp. indet.,"Taxa is within this taxonomic rank but cannot be identified further due to life stage, missing body parts or due to the destructive nature of the sampling, preservation and analysis process.",,
Euchirella rostrata  3,"Euchirella rostrata (Claus, 1866)",rostrata,,C3,,,,
Scaphocalanus brevicornis  6F,"Scaphocalanus brevicornis (Sars G.O., 1900)",brevicornis,female,C6,,,,
Protomyctophum thompsoni flexion s2,"Protomyctophum thompsoni (Chapman, 1944)",thompsoni,,flexion,,,,
Aglantha digitale  s1,"Aglantha digitale (O. F. Müller, 1776)",digitale,,,,,,
Corolla spectabilis  s3,"Corolla spectabilis (Dall, 1871)",spectabilis,,,,,,
Tomopteris septentrionalis  s1,"Tomopteris septentrionalis (Steenstrup, 1849)",septentrionalis,,,,,,
Cyphocaris challengeri  s1,"Cyphocaris challengeri (Stebbing, 1888)",challengeri,,,,,,
Primno *sp. juvenile s1,"Primno (Guérin-Méneville, 1836)",,,juvenile,sp. indet.,"Taxa is within this taxonomic rank but cannot be identified further due to life stage, missing body parts or due to the destructive nature of the sampling, preservation and analysis process.",,
Primno abyssalis  s3,"Primno abyssalis (Bowman in Fulton, 1968)",abyssalis,,,,,,
Scina rattrayi  s1,"Scina rattrayi (Stebbing, 1895)",rattrayi,,,,,,
Scina rattrayi  s2,"Scina rattrayi (Stebbing, 1895)",rattrayi,,,,,,
Euphausiacea *sp. juvenile s2,"Euphausiacea (Dana, 1852)",,,juvenile,sp. indet.,"Taxa is within this taxonomic rank but cannot be identified further due to life stage, missing body parts or due to the destructive nature of the sampling, preservation and analysis process.",,
Calanoida *sp.  15,"Calanoida (Sars G.O., 1903)",,,C1-5,sp. indet.,"Taxa is within this taxonomic rank but cannot be identified further due to life stage, missing body parts or due to the destructive nature of the sampling, preservation and analysis process.",,
Aetideus *sp.  4,"Aetideus (Brady, 1883)",,,C4,sp. indet.,"Taxa is within this taxonomic rank but cannot be identified further due to life stage, missing body parts or due to the destructive nature of the sampling, preservation and analysis process.",,
Microcalanus pusillus  6M,"Microcalanus pusillus (Sars G.O., 1903)",pusillus,male,C6,,,,
Pseudocalanus *sp.  5M,"Pseudocalanus (Boeck, 1872)",,male,C5,sp. indet.,"Taxa is within this taxonomic rank but cannot be identified further due to life stage, missing body parts or due to the destructive nature of the sampling, preservation and analysis process.",,
Pseudocalanus *sp.  6M,"Pseudocalanus (Boeck, 1872)",,male,C6,sp. indet.,"Taxa is within this taxonomic rank but cannot be identified further due to life stage, missing body parts or due to the destructive nature of the sampling, preservation and analysis process.",,
Eucalanus *sp.  4,"Eucalanus (Dana, 1852-1853)",,,C4,sp. indet.,"Taxa is within this taxonomic rank but cannot be identified further due to life stage, missing body parts or due to the destructive nature of the sampling, preservation and analysis process.",,
Chaetognatha *sp.  s1,Chaetognatha,,,,sp. indet.,"Taxa is within this taxonomic rank but cannot be identified further due to life stage, missing body parts or due to the destructive nature of the sampling, preservation and analysis process.",,
Parasagitta euneritica  s3,"Parasagitta euneritica (Alvariño, 1961)",euneritica,,,,,,
Larvacea *sp.  s1,Larvacea,,,,sp. indet.,"Taxa is within this taxonomic rank but cannot be identified further due to life stage, missing body parts or due to the destructive nature of the sampling, preservation and analysis process.",,
Berryteuthis magister  s1,"Berryteuthis magister (S. S. Berry, 1913)",magister,,,,,,
Thysanoessa inspinata juvenile s3,"Thysanoessa inspinata (Nemoto, 1963)",inspinata,,juvenile,,,,
Aetideus *sp.  3,"Aetideus (Brady, 1883)",,,C3,sp. indet.,"Taxa is within this taxonomic rank but cannot be identified further due to life stage, missing body parts or due to the destructive nature of the sampling, preservation and analysis process.",,
Aetideus divergens  6F,"Aetideus divergens (Bradford, 1971)",divergens,female,C6,,,,
Clausocalanus *sp.  6M,"Clausocalanus (Giesbrecht, 1888)",,male,C6,sp. indet.,"Taxa is within this taxonomic rank but cannot be identified further due to life stage, missing body parts or due to the destructive nature of the sampling, preservation and analysis process.",,
Pseudocalanus *sp.  5,"Pseudocalanus (Boeck, 1872)",,,C5,sp. indet.,"Taxa is within this taxonomic rank but cannot be identified further due to life stage, missing body parts or due to the destructive nature of the sampling, preservation and analysis process.",,
Heterorhabdus tanneri  6M,"Heterorhabdus tanneri (Giesbrecht, 1895)",tanneri,male,C6,,,,
Fish *sp. preflexion s1,Pisces,,,preflexion,sp. indet.,"Taxa is within this taxonomic rank but cannot be identified further due to life stage, missing body parts or due to the destructive nature of the sampling, preservation and analysis process.",,
Phronima atlantica  F,"Phronima atlantica (Guérin-Méneville, 1836)",atlantica,female,,,,,
Primno abyssalis  M,"Primno abyssalis (Bowman in Fulton, 1968)",abyssalis,male,,,,,
Thysanoessa spinifera  M,"Thysanoessa spinifera (Holmes, 1900)",spinifera,male,,,,,
Thysanoessa spinifera juvenile s3,"Thysanoessa spinifera (Holmes, 1900)",spinifera,,juvenile,,,,
Paraeuchaeta elongata  5F,"Paraeuchaeta elongata (Esterly, 1913)",elongata,female,C5,,,,
Heterorhabdus tanneri  5,"Heterorhabdus tanneri (Giesbrecht, 1895)",tanneri,,C5,,,,
Siphonophora *sp. gas floats s3,"Siphonophorae (Eschscholtz, 1829)",,,gas floats,sp. indet.,"Taxa is within this taxonomic rank but cannot be identified further due to life stage, missing body parts or due to the destructive nature of the sampling, preservation and analysis process.",,
Bargmannia elongata nectophore s3,"Bargmannia elongata (Totton, 1954)",elongata,,nectophore,,,,
Periphylla periphylla  s2,"Periphylla periphylla (Péron & Lesueur, 1810)",periphylla,,,,,,
Limacina helicina acuta  s1,"Limacina helicina (Phipps, 1774)",helicina,,,,Morphotype: acuta,,
Candacia *sp.  2,"Candacia (Dana, 1846)",,,C2,sp. indet.,"Taxa is within this taxonomic rank but cannot be identified further due to life stage, missing body parts or due to the destructive nature of the sampling, preservation and analysis process.",,
Oikopleura labradoriensis  s3,"Oikopleura (Vexillaria) labradoriensis (Lohmann, 1892)",labradoriensis,,,,,,
Aegina citrea  s2,"Aegina citrea (Eschscholtz, 1829)",citrea,,,,,,
Typhloscolex muelleri  s2,"Typhloscolex muelleri (Busch, 1851)",muelleri,,,,,,
Thysanoessa longipes  F,"Thysanoessa longipes (Brandt, 1851)",longipes,female,,,,,
Thysanoessa longipes  M,"Thysanoessa longipes (Brandt, 1851)",longipes,male,,,,,
Siphonophora *sp. nectophore s1,"Siphonophorae (Eschscholtz, 1829)",,,nectophore,sp. indet.,"Taxa is within this taxonomic rank but cannot be identified further due to life stage, missing body parts or due to the destructive nature of the sampling, preservation and analysis process.",,
Scina rattrayi  M,"Scina rattrayi (Stebbing, 1895)",rattrayi,male,,,,,
Clausocalanus *sp.  4,"Clausocalanus (Giesbrecht, 1888)",,,C4,sp. indet.,"Taxa is within this taxonomic rank but cannot be identified further due to life stage, missing body parts or due to the destructive nature of the sampling, preservation and analysis process.",,
Heterostylites major  6F,"Heterostylites major (Dahl F., 1894)",major,female,C6,,,,
Doliolid *sp.  s2,"Doliolidae (Bronn, 1862)",,,,sp. indet.,"Taxa is within this taxonomic rank but cannot be identified further due to life stage, missing body parts or due to the destructive nature of the sampling, preservation and analysis process.",,
Crossota *sp.  s2,"Crossota (Vanhöffen, 1902)",,,,sp. indet.,"Taxa is within this taxonomic rank but cannot be identified further due to life stage, missing body parts or due to the destructive nature of the sampling, preservation and analysis process.",,
Euphausia pacifica juvenile s3,"Euphausia pacifica (Hansen, 1911)",pacifica,,juvenile,,,,
Pseudoamallothrix ovata  6F,"Pseudoamallothrix ovata (Farran, 1905)",ovata,female,C6,,,,
Scolecithricella *sp.  3,"Scolecithricella (Sars G.O., 1902)",,,C3,sp. indet.,"Taxa is within this taxonomic rank but cannot be identified further due to life stage, missing body parts or due to the destructive nature of the sampling, preservation and analysis process.",,
Clytemnestra scutellata  5,"Clytemnestra scutellata (Dana, 1847)",scutellata,,C5,,,,
Oikopleura *sp.  s2,"Oikopleura (Mertens, 1830)",,,,sp. indet.,"Taxa is within this taxonomic rank but cannot be identified further due to life stage, missing body parts or due to the destructive nature of the sampling, preservation and analysis process.",,
Clione limacina juvenile s1,"Clione limacina (Phipps, 1774)",limacina,,juvenile,,,,
Acartia longiremis  6F,"Acartia longiremis (Lilljeborg, 1853)",longiremis,female,C6,,,,
Pseudoamallothrix ovata  5,"Pseudoamallothrix ovata (Farran, 1905)",ovata,,C5,,,,
Scaphocalanus *sp.  2,"Scaphocalanus (Sars G.O., 1900)",,,C2,sp. indet.,"Taxa is within this taxonomic rank but cannot be identified further due to life stage, missing body parts or due to the destructive nature of the sampling, preservation and analysis process.",,
Plotohelmis tenuis  s3,"Plotohelmis tenuis (Apstein, 1900)",tenuis,,,,,,
Primno abyssalis  s1,"Primno abyssalis (Bowman in Fulton, 1968)",abyssalis,,,,,,
Paracrangon *sp. mysis s2,"Paracrangon (Dana, 1852)",,,mysis,sp. indet.,"Taxa is within this taxonomic rank but cannot be identified further due to life stage, missing body parts or due to the destructive nature of the sampling, preservation and analysis process.",,
Euphausiacea *sp. larvae s1,"Euphausiacea (Dana, 1852)",,,larvae,sp. indet.,"Taxa is within this taxonomic rank but cannot be identified further due to life stage, missing body parts or due to the destructive nature of the sampling, preservation and analysis process.",,
Calanoida *sp.  5,"Calanoida (Sars G.O., 1903)",,,C5,sp. indet.,"Taxa is within this taxonomic rank but cannot be identified further due to life stage, missing body parts or due to the destructive nature of the sampling, preservation and analysis process.",,
Acartia longiremis  5,"Acartia longiremis (Lilljeborg, 1853)",longiremis,,C5,,,,
Euchirella *sp.  1,"Euchirella (Giesbrecht, 1888)",,,C1,sp. indet.,"Taxa is within this taxonomic rank but cannot be identified further due to life stage, missing body parts or due to the destructive nature of the sampling, preservation and analysis process.",,
Neocalanus *sp. nauplii s1,"Neocalanus (Sars G.O., 1925)",,,nauplii,sp. indet.,"Taxa is within this taxonomic rank but cannot be identified further due to life stage, missing body parts or due to the destructive nature of the sampling, preservation and analysis process.",,
Pseudocalanus *sp.  56,"Pseudocalanus (Boeck, 1872)",,,C5-6,sp. indet.,"Taxa is within this taxonomic rank but cannot be identified further due to life stage, missing body parts or due to the destructive nature of the sampling, preservation and analysis process.",,
Pseudocalanus *sp.  6F,"Pseudocalanus (Boeck, 1872)",,female,C6,sp. indet.,"Taxa is within this taxonomic rank but cannot be identified further due to life stage, missing body parts or due to the destructive nature of the sampling, preservation and analysis process.",,
Eucalanus *sp.  2,"Eucalanus (Dana, 1852-1853)",,,C2,sp. indet.,"Taxa is within this taxonomic rank but cannot be identified further due to life stage, missing body parts or due to the destructive nature of the sampling, preservation and analysis process.",,
Heterostylites major  6M,"Heterostylites major (Dahl F., 1894)",major,male,C6,,,,
Chaetognatha *sp.  s2,Chaetognatha,,,,sp. indet.,"Taxa is within this taxonomic rank but cannot be identified further due to life stage, missing body parts or due to the destructive nature of the sampling, preservation and analysis process.",,
Oikopleura longicauda  s2,"Oikopleura (Coecaria) longicauda (Vogt, 1854)",longicauda,,,,,,
Oikopleura longicauda  s3,"Oikopleura (Coecaria) longicauda (Vogt, 1854)",longicauda,,,,,,
Tetraplatia volitans  s1,"Tetraplatia volitans (Busch, 1851)",volitans,,,,,,
Nemertea *sp. larvae s2,Nemertea,,,larvae,sp. indet.,"Taxa is within this taxonomic rank but cannot be identified further due to life stage, missing body parts or due to the destructive nature of the sampling, preservation and analysis process.",,
Aetideus pacificus  6M,"Aetideus pacificus (Brodsky, 1950)",pacificus,male,C6,,,,
Chirundina streetsi  6F,"Chirundina streetsi (Giesbrecht, 1895)",streetsi,female,C6,,,,
Pseudocalanus minutus  5M,"Pseudocalanus minutus (Krøyer, 1845)",minutus,male,C5,,,,
Paraeuchaeta elongata  4,"Paraeuchaeta elongata (Esterly, 1913)",elongata,,C4,,,,
Scaphocalanus magnus  6F,"Scaphocalanus magnus (Scott T., 1894)",magnus,female,C6,,,,
Spinocalanus brevicaudatus  5,"Spinocalanus brevicaudatus (Brodsky, 1950)",brevicaudatus,,C5,,,,
Alacia aff major  s1,"Alacia major (Chavtur, 1978)",major,,,sp. aff.,"Taxa documented is the closest affiliation to taxa observed, but not the taxa observed.",,
Metaconchoecia skogsbergi  s1,"Metaconchoecia skogsbergi (Iles, 1953)",skogsbergi,,,,,,
Nanomia bijuga nectophore s2,"Nanomia bijuga (Delle Chiaje, 1844)",bijuga,,nectophore,,,,
Tessarabrachion oculatum  M,"Tessarabrachion oculatum (Hansen, 1911)",oculatum,male,,,,,
Calanus marshallae  5,"Calanus marshallae (Frost, 1974)",marshallae,,C5,,,,
Pseudocalanus minutus  5F,"Pseudocalanus minutus (Krøyer, 1845)",minutus,female,C5,,,,
Spinocalanus abyssalis  5,"Spinocalanus abyssalis (Giesbrecht, 1888)",abyssalis,,C5,,,,
Neocalanus cristatus  6F,"Neocalanus cristatus (Krøyer, 1848)",cristatus,female,C6,,,,
Microcalanus *sp.  6M,"Microcalanus (Sars G.O., 1903)",,male,C6,sp. indet.,"Taxa is within this taxonomic rank but cannot be identified further due to life stage, missing body parts or due to the destructive nature of the sampling, preservation and analysis process.",,
Pseudocalanus minutus  4,"Pseudocalanus minutus (Krøyer, 1845)",minutus,,C4,,,,
Gaussia intermedia  6M,"Gaussia intermedia (Defaye, 1998)",intermedia,male,C6,,,,
Aegina citrea  s1,"Aegina citrea (Eschscholtz, 1829)",citrea,,,,,,
Ctenophora *sp.  s2,"Ctenophora (Eschscholtz, 1829)",,,,sp. indet.,"Taxa is within this taxonomic rank but cannot be identified further due to life stage, missing body parts or due to the destructive nature of the sampling, preservation and analysis process.",,
Typhloscolex muelleri  s1,"Typhloscolex muelleri (Busch, 1851)",muelleri,,,,,,
Spionidae *sp. larvae s1,"Spionidae (Grube, 1850)",,,larvae,sp. indet.,"Taxa is within this taxonomic rank but cannot be identified further due to life stage, missing body parts or due to the destructive nature of the sampling, preservation and analysis process.",,
Hyperia *sp. juvenile s1,"Hyperia (Latreille, 1823)",,,juvenile,sp. indet.,"Taxa is within this taxonomic rank but cannot be identified further due to life stage, missing body parts or due to the destructive nature of the sampling, preservation and analysis process.",,
Thysanoessa longipes  s3,"Thysanoessa longipes (Brandt, 1851)",longipes,,,,,,
Thysanoessa longipes juvenile s2,"Thysanoessa longipes (Brandt, 1851)",longipes,,juvenile,,,,
Thysanoessa longipes juvenile s3,"Thysanoessa longipes (Brandt, 1851)",longipes,,juvenile,,,,
Calanoida *sp.  56,"Calanoida (Sars G.O., 1903)",,,C5-6,sp. indet.,"Taxa is within this taxonomic rank but cannot be identified further due to life stage, missing body parts or due to the destructive nature of the sampling, preservation and analysis process.",,
Aetideus pacificus  3,"Aetideus pacificus (Brodsky, 1950)",pacificus,,C3,,,,
Neocalanus *sp. eggs s1,"Neocalanus (Sars G.O., 1925)",,,egg,sp. indet.,"Taxa is within this taxonomic rank but cannot be identified further due to life stage, missing body parts or due to the destructive nature of the sampling, preservation and analysis process.",,
Crossota *sp.  s3,"Crossota (Vanhöffen, 1902)",,,,sp. indet.,"Taxa is within this taxonomic rank but cannot be identified further due to life stage, missing body parts or due to the destructive nature of the sampling, preservation and analysis process.",,
Ctenophora *sp.  s3,"Ctenophora (Eschscholtz, 1829)",,,,sp. indet.,"Taxa is within this taxonomic rank but cannot be identified further due to life stage, missing body parts or due to the destructive nature of the sampling, preservation and analysis process.",,
Plotohelmis tenuis  s2,"Plotohelmis tenuis (Apstein, 1900)",tenuis,,,,,,
Chionoecetes *sp. megalops s1,"Chionoecetes (Krøyer, 1838)",,,megalopa,sp. indet.,"Taxa is within this taxonomic rank but cannot be identified further due to life stage, missing body parts or due to the destructive nature of the sampling, preservation and analysis process.",,
Euphausia pacifica  s3,"Euphausia pacifica (Hansen, 1911)",pacifica,,,,,,
Stylocheiron maximum  M,"Stylocheiron maximum (Hansen, 1908)",maximum,male,,,,,
Thysanoessa spinifera juvenile s2,"Thysanoessa spinifera (Holmes, 1900)",spinifera,,juvenile,,,,
Eucalanus bungii  4,"Eucalanus bungii (Giesbrecht, 1893)",bungii,,C4,,,,
Heterostylites longicornis  6M,"Heterostylites longicornis (Giesbrecht, 1889)",longicornis,male,C6,,,,
Pleuromamma abdominalis  5,"Pleuromamma abdominalis (Lubbock, 1856)",abdominalis,,C5,,,,
Scolecithricella minor  56,"Scolecithricella minor (Brady, 1883)",minor,,C5-6,,,,
Chaetognatha *sp.  s3,Chaetognatha,,,,sp. indet.,"Taxa is within this taxonomic rank but cannot be identified further due to life stage, missing body parts or due to the destructive nature of the sampling, preservation and analysis process.",,
Fish *sp. eggs s1,Pisces,,,egg,sp. indet.,"Taxa is within this taxonomic rank but cannot be identified further due to life stage, missing body parts or due to the destructive nature of the sampling, preservation and analysis process.",,
Cirripedia *sp. cyprids s1,"Cirripedia (Burmeister, 1834)",,,cyprid,sp. indet.,"Taxa is within this taxonomic rank but cannot be identified further due to life stage, missing body parts or due to the destructive nature of the sampling, preservation and analysis process.",,
Cirripedia *sp. nauplii s1,"Cirripedia (Burmeister, 1834)",,,nauplii,sp. indet.,"Taxa is within this taxonomic rank but cannot be identified further due to life stage, missing body parts or due to the destructive nature of the sampling, preservation and analysis process.",,
Phronima sedentaria  M,"Phronima sedentaria (Forskål, 1775)",sedentaria,male,,,,,
Calanus *sp. nauplii s1,"Calanus (Leach, 1816)",,,nauplii,sp. indet.,"Taxa is within this taxonomic rank but cannot be identified further due to life stage, missing body parts or due to the destructive nature of the sampling, preservation and analysis process.",,
Paraeuchaeta birostrata  6F,"Paraeuchaeta birostrata (Brodsky, 1950)",birostrata,female,C6,,,,
Gonatus *sp. paralarvae s1,"Gonatus (Gray, 1849)",,,paralarvae,sp. indet.,"Taxa is within this taxonomic rank but cannot be identified further due to life stage, missing body parts or due to the destructive nature of the sampling, preservation and analysis process.",,
Thysanoessa inermis  F,"Thysanoessa inermis (Krøyer, 1846)",inermis,female,,,,,
Pseudocalanus minutus  6M,"Pseudocalanus minutus (Krøyer, 1845)",minutus,male,C6,,,,
Pleuromamma abdominalis  6F,"Pleuromamma abdominalis (Lubbock, 1856)",abdominalis,female,C6,,,,
Mikroconchoecia *sp.  s1,"Mikroconchoecia (Claus, 1891)",,,,sp. indet.,"Taxa is within this taxonomic rank but cannot be identified further due to life stage, missing body parts or due to the destructive nature of the sampling, preservation and analysis process.",,
Atheresthes stomias postflexion s3,"Atheresthes stomias (Jordan & Gilbert, 1880)",stomias,,postflexion,,,,
Phalacrophorus pictus  s2,"Phalacrophorus pictus (Greeff, 1879)",pictus,,,,,,
Gaetanus *sp.  4,"Gaetanus (Giesbrecht, 1888)",,,C4,sp. indet.,"Taxa is within this taxonomic rank but cannot be identified further due to life stage, missing body parts or due to the destructive nature of the sampling, preservation and analysis process.",,
Bythotiara depressa  s3,"Bythotiara depressa (Naumov, 1960)",depressa,,,,,,
Gonatus *sp.  s2,"Gonatus (Gray, 1849)",,,,sp. indet.,"Taxa is within this taxonomic rank but cannot be identified further due to life stage, missing body parts or due to the destructive nature of the sampling, preservation and analysis process.",,
Clio pyramidata  s2,"Clio pyramidata (Linnaeus, 1767)",pyramidata,,,,,,
Phronima sedentaria  s2,"Phronima sedentaria (Forskål, 1775)",sedentaria,,,,,,
Scina borealis  F,"Scina borealis (G.O. Sars, 1883)",borealis,female,,,,,
Alacia *sp.  s1,"Alacia (Poulsen, 1973)",,,,sp. indet.,"Taxa is within this taxonomic rank but cannot be identified further due to life stage, missing body parts or due to the destructive nature of the sampling, preservation and analysis process.",,
Paraphronima crassipes  F,"Paraphronima crassipes (Claus, 1879)",crassipes,female,,,,,
Thysanoessa inspinata  s3,"Thysanoessa inspinata (Nemoto, 1963)",inspinata,,,,,,
Pseudocalanus mimus  5,"Pseudocalanus mimus (Frost, 1989)",mimus,,C5,,,,
Eucalanus *sp.  6M,"Eucalanus (Dana, 1852-1853)",,male,C6,sp. indet.,"Taxa is within this taxonomic rank but cannot be identified further due to life stage, missing body parts or due to the destructive nature of the sampling, preservation and analysis process.",,
Scina borealis  s1,"Scina borealis (G.O. Sars, 1883)",borealis,,,,,,
Isopoda *sp.  s1,"Isopoda (Latreille, 1816)",,,,sp. indet.,"Taxa is within this taxonomic rank but cannot be identified further due to life stage, missing body parts or due to the destructive nature of the sampling, preservation and analysis process.",,
Periphylla periphylla  s3,"Periphylla periphylla (Péron & Lesueur, 1810)",periphylla,,,,,,
Gonatus onyx  s2,"Gonatus onyx (R. E. Young, 1972)",onyx,,,,,,
Gonatus onyx paralarvae s1,"Gonatus onyx (R. E. Young, 1972)",onyx,,paralarvae,,,,
